Variable;JPN;Year;Value
omegga_lowcarbon;JPN;2019;0.69045663000000000
omegga_lowcarbon;JPN;2020;0.69270670000000000
omegga_lowcarbon;JPN;2021;0.69486479100000000
omegga_lowcarbon;JPN;2022;0.69702960600000000
omegga_lowcarbon;JPN;2023;0.69920116500000000
omegga_lowcarbon;JPN;2024;0.70137948900000000
omegga_lowcarbon;JPN;2025;0.70356460000000000
omegga_lowcarbon;JPN;2026;0.70556214500000000
omegga_lowcarbon;JPN;2027;0.70756536100000000
omegga_lowcarbon;JPN;2028;0.70957426500000000
omegga_lowcarbon;JPN;2029;0.71158887300000000
omegga_lowcarbon;JPN;2030;0.71360920000000000
omegga_lowcarbon;JPN;2031;0.71532328600000000
omegga_lowcarbon;JPN;2032;0.71704148900000000
omegga_lowcarbon;JPN;2033;0.71876381900000000
omegga_lowcarbon;JPN;2034;0.72049028600000000
omegga_lowcarbon;JPN;2035;0.72222090000000000
omegga_lowcarbon;JPN;2036;0.72376532100000000
omegga_lowcarbon;JPN;2037;0.72531304400000000
omegga_lowcarbon;JPN;2038;0.72686407700000000
omegga_lowcarbon;JPN;2039;0.72841842600000000
omegga_lowcarbon;JPN;2040;0.72997610000000000
omegga_lowcarbon;JPN;2041;0.73155356700000000
omegga_lowcarbon;JPN;2042;0.73313444400000000
omegga_lowcarbon;JPN;2043;0.73471873600000000
omegga_lowcarbon;JPN;2044;0.73630645300000000
omegga_lowcarbon;JPN;2045;0.73789760000000000
omegga_lowcarbon;JPN;2046;0.73943950300000000
omegga_lowcarbon;JPN;2047;0.74098462700000000
omegga_lowcarbon;JPN;2048;0.74253298000000000
omegga_lowcarbon;JPN;2049;0.74408456900000000
omegga_lowcarbon;JPN;2050;0.74563940000000000
omegga_lowcarbon;JPN;2051;0.74731328800000000
omegga_lowcarbon;JPN;2052;0.74899093300000000
omegga_lowcarbon;JPN;2053;0.75067234500000000
omegga_lowcarbon;JPN;2054;0.75235753100000000
omegga_lowcarbon;JPN;2055;0.75404650000000000
omegga_lowcarbon;JPN;2056;0.75574057100000000
omegga_lowcarbon;JPN;2057;0.75743844800000000
omegga_lowcarbon;JPN;2058;0.75914013900000000
omegga_lowcarbon;JPN;2059;0.76084565400000000
omegga_lowcarbon;JPN;2060;0.76255500000000000
omegga_lowcarbon;JPN;2061;0.76255500000000000
omegga_lowcarbon;JPN;2062;0.76255500000000000
omegga_lowcarbon;JPN;2063;0.76255500000000000
omegga_lowcarbon;JPN;2064;0.76255500000000000
omegga_lowcarbon;JPN;2065;0.76255500000000000
omegga_lowcarbon;JPN;2066;0.76255500000000000
omegga_lowcarbon;JPN;2067;0.76255500000000000
omegga_lowcarbon;JPN;2068;0.76255500000000000
omegga_lowcarbon;JPN;2069;0.76255500000000000
omegga_lowcarbon;JPN;2070;0.76255500000000000
omegga_lowcarbon;JPN;2071;0.76255500000000000 
omegga_lowcarbon;JPN;2072;0.76255500000000000 
omegga_lowcarbon;JPN;2073;0.76255500000000000 
omegga_lowcarbon;JPN;2074;0.76255500000000000 
omegga_lowcarbon;JPN;2075;0.76255500000000000 
omegga_lowcarbon;JPN;2076;0.76255500000000000 
omegga_lowcarbon;JPN;2077;0.76255500000000000 
omegga_lowcarbon;JPN;2078;0.76255500000000000 
omegga_lowcarbon;JPN;2079;0.76255500000000000 
omegga_lowcarbon;JPN;2080;0.76255500000000000 
omegga_lowcarbon;JPN;2081;0.76255500000000000 
omegga_lowcarbon;JPN;2082;0.76255500000000000 
omegga_lowcarbon;JPN;2083;0.76255500000000000 
omegga_lowcarbon;JPN;2084;0.76255500000000000 
omegga_lowcarbon;JPN;2085;0.76255500000000000 
omegga_lowcarbon;JPN;2086;0.76255500000000000 
omegga_lowcarbon;JPN;2087;0.76255500000000000 
omegga_lowcarbon;JPN;2088;0.76255500000000000 
omegga_lowcarbon;JPN;2089;0.76255500000000000 
omegga_lowcarbon;JPN;2090;0.76255500000000000 
omegga_lowcarbon;JPN;2091;0.76255500000000000 
omegga_lowcarbon;JPN;2092;0.76255500000000000 
omegga_lowcarbon;JPN;2093;0.76255500000000000 
omegga_lowcarbon;JPN;2094;0.76255500000000000 
omegga_lowcarbon;JPN;2095;0.76255500000000000 
omegga_lowcarbon;JPN;2096;0.76255500000000000 
omegga_lowcarbon;JPN;2097;0.76255500000000000 
omegga_lowcarbon;JPN;2098;0.76255500000000000 
omegga_lowcarbon;JPN;2099;0.76255500000000000 
omegga_lowcarbon;JPN;2100;0.76255500000000000 

omegga_cautious;JPN;2019;0.15692960700000000
omegga_cautious;JPN;2020;0.15550580000000000
omegga_cautious;JPN;2021;0.15398498300000000
omegga_cautious;JPN;2022;0.15247903900000000
omegga_cautious;JPN;2023;0.15098782300000000
omegga_cautious;JPN;2024;0.14951119100000000
omegga_cautious;JPN;2025;0.14804900000000000
omegga_cautious;JPN;2026;0.14659400100000000
omegga_cautious;JPN;2027;0.14515330100000000
omegga_cautious;JPN;2028;0.14372676000000000
omegga_cautious;JPN;2029;0.14231423900000000
omegga_cautious;JPN;2030;0.14091560000000000
omegga_cautious;JPN;2031;0.13962945600000000
omegga_cautious;JPN;2032;0.13835505000000000
omegga_cautious;JPN;2033;0.13709227700000000
omegga_cautious;JPN;2034;0.13584102800000000
omegga_cautious;JPN;2035;0.13460120000000000
omegga_cautious;JPN;2036;0.13341771000000000
omegga_cautious;JPN;2037;0.13224462700000000
omegga_cautious;JPN;2038;0.13108185700000000
omegga_cautious;JPN;2039;0.12992931200000000
omegga_cautious;JPN;2040;0.12878690000000000
omegga_cautious;JPN;2041;0.12757153700000000
omegga_cautious;JPN;2042;0.12636764300000000
omegga_cautious;JPN;2043;0.12517511000000000
omegga_cautious;JPN;2044;0.12399383100000000
omegga_cautious;JPN;2045;0.12282370000000000
omegga_cautious;JPN;2046;0.12162652900000000
omegga_cautious;JPN;2047;0.12044102600000000
omegga_cautious;JPN;2048;0.11926707900000000
omegga_cautious;JPN;2049;0.11810457400000000
omegga_cautious;JPN;2050;0.11695340000000000
omegga_cautious;JPN;2051;0.11567777500000000
omegga_cautious;JPN;2052;0.11441606400000000
omegga_cautious;JPN;2053;0.11316811400000000
omegga_cautious;JPN;2054;0.11193377500000000
omegga_cautious;JPN;2055;0.11071290000000000
omegga_cautious;JPN;2056;0.10941078900000000
omegga_cautious;JPN;2057;0.10812399300000000
omegga_cautious;JPN;2058;0.10685233100000000
omegga_cautious;JPN;2059;0.10559562500000000
omegga_cautious;JPN;2060;0.10435370000000000
omegga_cautious;JPN;2061;0.10435370000000000
omegga_cautious;JPN;2062;0.10435370000000000
omegga_cautious;JPN;2063;0.10435370000000000
omegga_cautious;JPN;2064;0.10435370000000000
omegga_cautious;JPN;2065;0.10435370000000000
omegga_cautious;JPN;2066;0.10435370000000000
omegga_cautious;JPN;2067;0.10435370000000000
omegga_cautious;JPN;2068;0.10435370000000000
omegga_cautious;JPN;2069;0.10435370000000000
omegga_cautious;JPN;2070;0.10435370000000000
omegga_cautious;JPN;2071;0.10435370000000000 
omegga_cautious;JPN;2072;0.10435370000000000 
omegga_cautious;JPN;2073;0.10435370000000000 
omegga_cautious;JPN;2074;0.10435370000000000 
omegga_cautious;JPN;2075;0.10435370000000000 
omegga_cautious;JPN;2076;0.10435370000000000 
omegga_cautious;JPN;2077;0.10435370000000000 
omegga_cautious;JPN;2078;0.10435370000000000 
omegga_cautious;JPN;2079;0.10435370000000000 
omegga_cautious;JPN;2080;0.10435370000000000 
omegga_cautious;JPN;2081;0.10435370000000000 
omegga_cautious;JPN;2082;0.10435370000000000 
omegga_cautious;JPN;2083;0.10435370000000000 
omegga_cautious;JPN;2084;0.10435370000000000 
omegga_cautious;JPN;2085;0.10435370000000000 
omegga_cautious;JPN;2086;0.10435370000000000 
omegga_cautious;JPN;2087;0.10435370000000000 
omegga_cautious;JPN;2088;0.10435370000000000 
omegga_cautious;JPN;2089;0.10435370000000000 
omegga_cautious;JPN;2090;0.10435370000000000 
omegga_cautious;JPN;2091;0.10435370000000000 
omegga_cautious;JPN;2092;0.10435370000000000 
omegga_cautious;JPN;2093;0.10435370000000000 
omegga_cautious;JPN;2094;0.10435370000000000 
omegga_cautious;JPN;2095;0.10435370000000000 
omegga_cautious;JPN;2096;0.10435370000000000 
omegga_cautious;JPN;2097;0.10435370000000000 
omegga_cautious;JPN;2098;0.10435370000000000 
omegga_cautious;JPN;2099;0.10435370000000000 
omegga_cautious;JPN;2100;0.10435370000000000 

A_el_WITCH;JPN;2019;0.95228263407387
A_el_WITCH;JPN;2020;0.92928472135330
A_el_WITCH;JPN;2021;0.97642856958647
A_el_WITCH;JPN;2022;1.02596408785915
A_el_WITCH;JPN;2023;1.07801260876916
A_el_WITCH;JPN;2024;1.13270162027819
A_el_WITCH;JPN;2025;1.19016507798155
A_el_WITCH;JPN;2026;1.22186363566272
A_el_WITCH;JPN;2027;1.25440644476553
A_el_WITCH;JPN;2028;1.28781599087024
A_el_WITCH;JPN;2029;1.32211535843241
A_el_WITCH;JPN;2030;1.35732824673317
A_el_WITCH;JPN;2031;1.38481523550477
A_el_WITCH;JPN;2032;1.41285885790832
A_el_WITCH;JPN;2033;1.44147038622260
A_el_WITCH;JPN;2034;1.47066132099910
A_el_WITCH;JPN;2035;1.50044339568473
A_el_WITCH;JPN;2036;1.52133654651745
A_el_WITCH;JPN;2037;1.54252062718662
A_el_WITCH;JPN;2038;1.56399968878874
A_el_WITCH;JPN;2039;1.58577783883036
A_el_WITCH;JPN;2040;1.60785924201369
A_el_WITCH;JPN;2041;1.62952299543893
A_el_WITCH;JPN;2042;1.65147863897508
A_el_WITCH;JPN;2043;1.67373010545109
A_el_WITCH;JPN;2044;1.69628138068554
A_el_WITCH;JPN;2045;1.71913650420057
A_el_WITCH;JPN;2046;1.73193794055124
A_el_WITCH;JPN;2047;1.74483470195157
A_el_WITCH;JPN;2048;1.75782749823325
A_el_WITCH;JPN;2049;1.77091704451367
A_el_WITCH;JPN;2050;1.78410406123529
A_el_WITCH;JPN;2051;1.79633111201175
A_el_WITCH;JPN;2052;1.80864195878079
A_el_WITCH;JPN;2053;1.82103717582387
A_el_WITCH;JPN;2054;1.83351734135815
A_el_WITCH;JPN;2055;1.84608303756355
A_el_WITCH;JPN;2056;1.85633235622372
A_el_WITCH;JPN;2057;1.86663857835511
A_el_WITCH;JPN;2058;1.87700201988165
A_el_WITCH;JPN;2059;1.88742299848125
A_el_WITCH;JPN;2060;1.89790183359557
A_el_WITCH;JPN;2061;1.89790183359557
A_el_WITCH;JPN;2062;1.89790183359557
A_el_WITCH;JPN;2063;1.89790183359557
A_el_WITCH;JPN;2064;1.89790183359557
A_el_WITCH;JPN;2065;1.89790183359557
A_el_WITCH;JPN;2066;1.89790183359557
A_el_WITCH;JPN;2067;1.89790183359557
A_el_WITCH;JPN;2068;1.89790183359557
A_el_WITCH;JPN;2069;1.89790183359557
A_el_WITCH;JPN;2070;1.89790183359557
A_el_WITCH;JPN;2071;1.89790183359557 
A_el_WITCH;JPN;2072;1.89790183359557 
A_el_WITCH;JPN;2073;1.89790183359557 
A_el_WITCH;JPN;2074;1.89790183359557 
A_el_WITCH;JPN;2075;1.89790183359557 
A_el_WITCH;JPN;2076;1.89790183359557 
A_el_WITCH;JPN;2077;1.89790183359557 
A_el_WITCH;JPN;2078;1.89790183359557 
A_el_WITCH;JPN;2079;1.89790183359557 
A_el_WITCH;JPN;2080;1.89790183359557 
A_el_WITCH;JPN;2081;1.89790183359557 
A_el_WITCH;JPN;2082;1.89790183359557 
A_el_WITCH;JPN;2083;1.89790183359557 
A_el_WITCH;JPN;2084;1.89790183359557 
A_el_WITCH;JPN;2085;1.89790183359557 
A_el_WITCH;JPN;2086;1.89790183359557 
A_el_WITCH;JPN;2087;1.89790183359557 
A_el_WITCH;JPN;2088;1.89790183359557 
A_el_WITCH;JPN;2089;1.89790183359557 
A_el_WITCH;JPN;2090;1.89790183359557 
A_el_WITCH;JPN;2091;1.89790183359557 
A_el_WITCH;JPN;2092;1.89790183359557 
A_el_WITCH;JPN;2093;1.89790183359557 
A_el_WITCH;JPN;2094;1.89790183359557 
A_el_WITCH;JPN;2095;1.89790183359557 
A_el_WITCH;JPN;2096;1.89790183359557 
A_el_WITCH;JPN;2097;1.89790183359557 
A_el_WITCH;JPN;2098;1.89790183359557 
A_el_WITCH;JPN;2099;1.89790183359557 
A_el_WITCH;JPN;2100;1.89790183359557 

A_nel_WITCH;JPN;2019;1.00950202967189
A_nel_WITCH;JPN;2020;1.01473020054676
A_nel_WITCH;JPN;2021;1.07030280287976
A_nel_WITCH;JPN;2022;1.12892564466927
A_nel_WITCH;JPN;2023;1.19076652506114
A_nel_WITCH;JPN;2024;1.25600249055993
A_nel_WITCH;JPN;2025;1.32482034566310
A_nel_WITCH;JPN;2026;1.35030165433021
A_nel_WITCH;JPN;2027;1.37629592529779
A_nel_WITCH;JPN;2028;1.40281365028653
A_nel_WITCH;JPN;2029;1.42986553442809
A_nel_WITCH;JPN;2030;1.45746250101898
A_nel_WITCH;JPN;2031;1.47653337295018
A_nel_WITCH;JPN;2032;1.49587477218961
A_nel_WITCH;JPN;2033;1.51549059262386
A_nel_WITCH;JPN;2034;1.53538478552250
A_nel_WITCH;JPN;2035;1.55556136038307
A_nel_WITCH;JPN;2036;1.58151603432514
A_nel_WITCH;JPN;2037;1.60790714962092
A_nel_WITCH;JPN;2038;1.63474211221476
A_nel_WITCH;JPN;2039;1.66202845506952
A_nel_WITCH;JPN;2040;1.68977384037316
A_nel_WITCH;JPN;2041;1.73239579123394
A_nel_WITCH;JPN;2042;1.77615897354918
A_nel_WITCH;JPN;2043;1.82109655478562
A_nel_WITCH;JPN;2044;1.86724277447064
A_nel_WITCH;JPN;2045;1.91463298355901
A_nel_WITCH;JPN;2046;1.96102889682229
A_nel_WITCH;JPN;2047;2.00870815019222
A_nel_WITCH;JPN;2048;2.05771319324055
A_nel_WITCH;JPN;2049;2.10808820307326
A_nel_WITCH;JPN;2050;2.15987917082530
A_nel_WITCH;JPN;2051;2.21222053274771
A_nel_WITCH;JPN;2052;2.26603470457709
A_nel_WITCH;JPN;2053;2.32137220426217
A_nel_WITCH;JPN;2054;2.37828571358159
A_nel_WITCH;JPN;2055;2.43683019304300
A_nel_WITCH;JPN;2056;2.49950636831714
A_nel_WITCH;JPN;2057;2.56412601847303
A_nel_WITCH;JPN;2058;2.63076563296779
A_nel_WITCH;JPN;2059;2.69950556876683
A_nel_WITCH;JPN;2060;2.77043029594499
A_nel_WITCH;JPN;2061;2.77043029594499
A_nel_WITCH;JPN;2062;2.77043029594499
A_nel_WITCH;JPN;2063;2.77043029594499
A_nel_WITCH;JPN;2064;2.77043029594499
A_nel_WITCH;JPN;2065;2.77043029594499
A_nel_WITCH;JPN;2066;2.77043029594499
A_nel_WITCH;JPN;2067;2.77043029594499
A_nel_WITCH;JPN;2068;2.77043029594499
A_nel_WITCH;JPN;2069;2.77043029594499
A_nel_WITCH;JPN;2070;2.77043029594499
A_nel_WITCH;JPN;2071;2.77043029594499 
A_nel_WITCH;JPN;2072;2.77043029594499 
A_nel_WITCH;JPN;2073;2.77043029594499 
A_nel_WITCH;JPN;2074;2.77043029594499 
A_nel_WITCH;JPN;2075;2.77043029594499 
A_nel_WITCH;JPN;2076;2.77043029594499 
A_nel_WITCH;JPN;2077;2.77043029594499 
A_nel_WITCH;JPN;2078;2.77043029594499 
A_nel_WITCH;JPN;2079;2.77043029594499 
A_nel_WITCH;JPN;2080;2.77043029594499 
A_nel_WITCH;JPN;2081;2.77043029594499 
A_nel_WITCH;JPN;2082;2.77043029594499 
A_nel_WITCH;JPN;2083;2.77043029594499 
A_nel_WITCH;JPN;2084;2.77043029594499 
A_nel_WITCH;JPN;2085;2.77043029594499 
A_nel_WITCH;JPN;2086;2.77043029594499 
A_nel_WITCH;JPN;2087;2.77043029594499 
A_nel_WITCH;JPN;2088;2.77043029594499 
A_nel_WITCH;JPN;2089;2.77043029594499 
A_nel_WITCH;JPN;2090;2.77043029594499 
A_nel_WITCH;JPN;2091;2.77043029594499 
A_nel_WITCH;JPN;2092;2.77043029594499 
A_nel_WITCH;JPN;2093;2.77043029594499 
A_nel_WITCH;JPN;2094;2.77043029594499 
A_nel_WITCH;JPN;2095;2.77043029594499 
A_nel_WITCH;JPN;2096;2.77043029594499 
A_nel_WITCH;JPN;2097;2.77043029594499 
A_nel_WITCH;JPN;2098;2.77043029594499 
A_nel_WITCH;JPN;2099;2.77043029594499 
A_nel_WITCH;JPN;2100;2.77043029594499 

modifier_sharing_lowcarbon;JPN;2019;%modifier_sharing_lowcarbon%
modifier_sharing_lowcarbon;JPN;2020;%modifier_sharing_lowcarbon%
modifier_sharing_lowcarbon;JPN;2021;%modifier_sharing_lowcarbon%
modifier_sharing_lowcarbon;JPN;2022;%modifier_sharing_lowcarbon%
modifier_sharing_lowcarbon;JPN;2023;%modifier_sharing_lowcarbon%
modifier_sharing_lowcarbon;JPN;2024;%modifier_sharing_lowcarbon%
modifier_sharing_lowcarbon;JPN;2025;%modifier_sharing_lowcarbon%
modifier_sharing_lowcarbon;JPN;2026;%modifier_sharing_lowcarbon%
modifier_sharing_lowcarbon;JPN;2027;%modifier_sharing_lowcarbon%
modifier_sharing_lowcarbon;JPN;2028;%modifier_sharing_lowcarbon%
modifier_sharing_lowcarbon;JPN;2029;%modifier_sharing_lowcarbon%
modifier_sharing_lowcarbon;JPN;2030;%modifier_sharing_lowcarbon%
modifier_sharing_lowcarbon;JPN;2031;%modifier_sharing_lowcarbon%
modifier_sharing_lowcarbon;JPN;2032;%modifier_sharing_lowcarbon%
modifier_sharing_lowcarbon;JPN;2033;%modifier_sharing_lowcarbon%
modifier_sharing_lowcarbon;JPN;2034;%modifier_sharing_lowcarbon%
modifier_sharing_lowcarbon;JPN;2035;%modifier_sharing_lowcarbon%
modifier_sharing_lowcarbon;JPN;2036;%modifier_sharing_lowcarbon%
modifier_sharing_lowcarbon;JPN;2037;%modifier_sharing_lowcarbon%
modifier_sharing_lowcarbon;JPN;2038;%modifier_sharing_lowcarbon%
modifier_sharing_lowcarbon;JPN;2039;%modifier_sharing_lowcarbon%
modifier_sharing_lowcarbon;JPN;2040;%modifier_sharing_lowcarbon%
modifier_sharing_lowcarbon;JPN;2041;%modifier_sharing_lowcarbon%
modifier_sharing_lowcarbon;JPN;2042;%modifier_sharing_lowcarbon%
modifier_sharing_lowcarbon;JPN;2043;%modifier_sharing_lowcarbon%
modifier_sharing_lowcarbon;JPN;2044;%modifier_sharing_lowcarbon%
modifier_sharing_lowcarbon;JPN;2045;%modifier_sharing_lowcarbon%
modifier_sharing_lowcarbon;JPN;2046;%modifier_sharing_lowcarbon%
modifier_sharing_lowcarbon;JPN;2047;%modifier_sharing_lowcarbon%
modifier_sharing_lowcarbon;JPN;2048;%modifier_sharing_lowcarbon%
modifier_sharing_lowcarbon;JPN;2049;%modifier_sharing_lowcarbon%
modifier_sharing_lowcarbon;JPN;2050;%modifier_sharing_lowcarbon%
modifier_sharing_lowcarbon;JPN;2051;%modifier_sharing_lowcarbon%
modifier_sharing_lowcarbon;JPN;2052;%modifier_sharing_lowcarbon%
modifier_sharing_lowcarbon;JPN;2053;%modifier_sharing_lowcarbon%
modifier_sharing_lowcarbon;JPN;2054;%modifier_sharing_lowcarbon%
modifier_sharing_lowcarbon;JPN;2055;%modifier_sharing_lowcarbon%
modifier_sharing_lowcarbon;JPN;2056;%modifier_sharing_lowcarbon%
modifier_sharing_lowcarbon;JPN;2057;%modifier_sharing_lowcarbon%
modifier_sharing_lowcarbon;JPN;2058;%modifier_sharing_lowcarbon%
modifier_sharing_lowcarbon;JPN;2059;%modifier_sharing_lowcarbon%
modifier_sharing_lowcarbon;JPN;2060;%modifier_sharing_lowcarbon%
modifier_sharing_lowcarbon;JPN;2061;%modifier_sharing_lowcarbon%
modifier_sharing_lowcarbon;JPN;2062;%modifier_sharing_lowcarbon%
modifier_sharing_lowcarbon;JPN;2063;%modifier_sharing_lowcarbon%
modifier_sharing_lowcarbon;JPN;2064;%modifier_sharing_lowcarbon%
modifier_sharing_lowcarbon;JPN;2065;%modifier_sharing_lowcarbon%
modifier_sharing_lowcarbon;JPN;2066;%modifier_sharing_lowcarbon%
modifier_sharing_lowcarbon;JPN;2067;%modifier_sharing_lowcarbon%
modifier_sharing_lowcarbon;JPN;2068;%modifier_sharing_lowcarbon%
modifier_sharing_lowcarbon;JPN;2069;%modifier_sharing_lowcarbon%
modifier_sharing_lowcarbon;JPN;2070;%modifier_sharing_lowcarbon%
modifier_sharing_lowcarbon;JPN;2071;%modifier_sharing_lowcarbon%
modifier_sharing_lowcarbon;JPN;2072;%modifier_sharing_lowcarbon%
modifier_sharing_lowcarbon;JPN;2073;%modifier_sharing_lowcarbon%
modifier_sharing_lowcarbon;JPN;2074;%modifier_sharing_lowcarbon%
modifier_sharing_lowcarbon;JPN;2075;%modifier_sharing_lowcarbon%
modifier_sharing_lowcarbon;JPN;2076;%modifier_sharing_lowcarbon%
modifier_sharing_lowcarbon;JPN;2077;%modifier_sharing_lowcarbon%
modifier_sharing_lowcarbon;JPN;2078;%modifier_sharing_lowcarbon%
modifier_sharing_lowcarbon;JPN;2079;%modifier_sharing_lowcarbon%
modifier_sharing_lowcarbon;JPN;2080;%modifier_sharing_lowcarbon%
modifier_sharing_lowcarbon;JPN;2081;%modifier_sharing_lowcarbon%
modifier_sharing_lowcarbon;JPN;2082;%modifier_sharing_lowcarbon%
modifier_sharing_lowcarbon;JPN;2083;%modifier_sharing_lowcarbon%
modifier_sharing_lowcarbon;JPN;2084;%modifier_sharing_lowcarbon%
modifier_sharing_lowcarbon;JPN;2085;%modifier_sharing_lowcarbon%
modifier_sharing_lowcarbon;JPN;2086;%modifier_sharing_lowcarbon%
modifier_sharing_lowcarbon;JPN;2087;%modifier_sharing_lowcarbon%
modifier_sharing_lowcarbon;JPN;2088;%modifier_sharing_lowcarbon%
modifier_sharing_lowcarbon;JPN;2089;%modifier_sharing_lowcarbon%
modifier_sharing_lowcarbon;JPN;2090;%modifier_sharing_lowcarbon%
modifier_sharing_lowcarbon;JPN;2091;%modifier_sharing_lowcarbon%
modifier_sharing_lowcarbon;JPN;2092;%modifier_sharing_lowcarbon%
modifier_sharing_lowcarbon;JPN;2093;%modifier_sharing_lowcarbon%
modifier_sharing_lowcarbon;JPN;2094;%modifier_sharing_lowcarbon%
modifier_sharing_lowcarbon;JPN;2095;%modifier_sharing_lowcarbon%
modifier_sharing_lowcarbon;JPN;2096;%modifier_sharing_lowcarbon%
modifier_sharing_lowcarbon;JPN;2097;%modifier_sharing_lowcarbon%
modifier_sharing_lowcarbon;JPN;2098;%modifier_sharing_lowcarbon%
modifier_sharing_lowcarbon;JPN;2099;%modifier_sharing_lowcarbon%
modifier_sharing_lowcarbon;JPN;2100;%modifier_sharing_lowcarbon%

modifier_sharing_cautious;JPN;2019;%modifier_sharing_cautious%
modifier_sharing_cautious;JPN;2020;%modifier_sharing_cautious%
modifier_sharing_cautious;JPN;2021;%modifier_sharing_cautious%
modifier_sharing_cautious;JPN;2022;%modifier_sharing_cautious%
modifier_sharing_cautious;JPN;2023;%modifier_sharing_cautious%
modifier_sharing_cautious;JPN;2024;%modifier_sharing_cautious%
modifier_sharing_cautious;JPN;2025;%modifier_sharing_cautious%
modifier_sharing_cautious;JPN;2026;%modifier_sharing_cautious%
modifier_sharing_cautious;JPN;2027;%modifier_sharing_cautious%
modifier_sharing_cautious;JPN;2028;%modifier_sharing_cautious%
modifier_sharing_cautious;JPN;2029;%modifier_sharing_cautious%
modifier_sharing_cautious;JPN;2030;%modifier_sharing_cautious%
modifier_sharing_cautious;JPN;2031;%modifier_sharing_cautious%
modifier_sharing_cautious;JPN;2032;%modifier_sharing_cautious%
modifier_sharing_cautious;JPN;2033;%modifier_sharing_cautious%
modifier_sharing_cautious;JPN;2034;%modifier_sharing_cautious%
modifier_sharing_cautious;JPN;2035;%modifier_sharing_cautious%
modifier_sharing_cautious;JPN;2036;%modifier_sharing_cautious%
modifier_sharing_cautious;JPN;2037;%modifier_sharing_cautious%
modifier_sharing_cautious;JPN;2038;%modifier_sharing_cautious%
modifier_sharing_cautious;JPN;2039;%modifier_sharing_cautious%
modifier_sharing_cautious;JPN;2040;%modifier_sharing_cautious%
modifier_sharing_cautious;JPN;2041;%modifier_sharing_cautious%
modifier_sharing_cautious;JPN;2042;%modifier_sharing_cautious%
modifier_sharing_cautious;JPN;2043;%modifier_sharing_cautious%
modifier_sharing_cautious;JPN;2044;%modifier_sharing_cautious%
modifier_sharing_cautious;JPN;2045;%modifier_sharing_cautious%
modifier_sharing_cautious;JPN;2046;%modifier_sharing_cautious%
modifier_sharing_cautious;JPN;2047;%modifier_sharing_cautious%
modifier_sharing_cautious;JPN;2048;%modifier_sharing_cautious%
modifier_sharing_cautious;JPN;2049;%modifier_sharing_cautious%
modifier_sharing_cautious;JPN;2050;%modifier_sharing_cautious%
modifier_sharing_cautious;JPN;2051;%modifier_sharing_cautious%
modifier_sharing_cautious;JPN;2052;%modifier_sharing_cautious%
modifier_sharing_cautious;JPN;2053;%modifier_sharing_cautious%
modifier_sharing_cautious;JPN;2054;%modifier_sharing_cautious%
modifier_sharing_cautious;JPN;2055;%modifier_sharing_cautious%
modifier_sharing_cautious;JPN;2056;%modifier_sharing_cautious%
modifier_sharing_cautious;JPN;2057;%modifier_sharing_cautious%
modifier_sharing_cautious;JPN;2058;%modifier_sharing_cautious%
modifier_sharing_cautious;JPN;2059;%modifier_sharing_cautious%
modifier_sharing_cautious;JPN;2060;%modifier_sharing_cautious%
modifier_sharing_cautious;JPN;2061;%modifier_sharing_cautious%
modifier_sharing_cautious;JPN;2062;%modifier_sharing_cautious%
modifier_sharing_cautious;JPN;2063;%modifier_sharing_cautious%
modifier_sharing_cautious;JPN;2064;%modifier_sharing_cautious%
modifier_sharing_cautious;JPN;2065;%modifier_sharing_cautious%
modifier_sharing_cautious;JPN;2066;%modifier_sharing_cautious%
modifier_sharing_cautious;JPN;2067;%modifier_sharing_cautious%
modifier_sharing_cautious;JPN;2068;%modifier_sharing_cautious%
modifier_sharing_cautious;JPN;2069;%modifier_sharing_cautious%
modifier_sharing_cautious;JPN;2070;%modifier_sharing_cautious%
modifier_sharing_cautious;JPN;2071;%modifier_sharing_cautious%
modifier_sharing_cautious;JPN;2072;%modifier_sharing_cautious%
modifier_sharing_cautious;JPN;2073;%modifier_sharing_cautious%
modifier_sharing_cautious;JPN;2074;%modifier_sharing_cautious%
modifier_sharing_cautious;JPN;2075;%modifier_sharing_cautious%
modifier_sharing_cautious;JPN;2076;%modifier_sharing_cautious%
modifier_sharing_cautious;JPN;2077;%modifier_sharing_cautious%
modifier_sharing_cautious;JPN;2078;%modifier_sharing_cautious%
modifier_sharing_cautious;JPN;2079;%modifier_sharing_cautious%
modifier_sharing_cautious;JPN;2080;%modifier_sharing_cautious%
modifier_sharing_cautious;JPN;2081;%modifier_sharing_cautious%
modifier_sharing_cautious;JPN;2082;%modifier_sharing_cautious%
modifier_sharing_cautious;JPN;2083;%modifier_sharing_cautious%
modifier_sharing_cautious;JPN;2084;%modifier_sharing_cautious%
modifier_sharing_cautious;JPN;2085;%modifier_sharing_cautious%
modifier_sharing_cautious;JPN;2086;%modifier_sharing_cautious%
modifier_sharing_cautious;JPN;2087;%modifier_sharing_cautious%
modifier_sharing_cautious;JPN;2088;%modifier_sharing_cautious%
modifier_sharing_cautious;JPN;2089;%modifier_sharing_cautious%
modifier_sharing_cautious;JPN;2090;%modifier_sharing_cautious%
modifier_sharing_cautious;JPN;2091;%modifier_sharing_cautious%
modifier_sharing_cautious;JPN;2092;%modifier_sharing_cautious%
modifier_sharing_cautious;JPN;2093;%modifier_sharing_cautious%
modifier_sharing_cautious;JPN;2094;%modifier_sharing_cautious%
modifier_sharing_cautious;JPN;2095;%modifier_sharing_cautious%
modifier_sharing_cautious;JPN;2096;%modifier_sharing_cautious%
modifier_sharing_cautious;JPN;2097;%modifier_sharing_cautious%
modifier_sharing_cautious;JPN;2098;%modifier_sharing_cautious%
modifier_sharing_cautious;JPN;2099;%modifier_sharing_cautious%
modifier_sharing_cautious;JPN;2100;%modifier_sharing_cautious%

modifier_sharing_constrained;JPN;2019;%modifier_sharing_constrained%
modifier_sharing_constrained;JPN;2020;%modifier_sharing_constrained%
modifier_sharing_constrained;JPN;2021;%modifier_sharing_constrained%
modifier_sharing_constrained;JPN;2022;%modifier_sharing_constrained%
modifier_sharing_constrained;JPN;2023;%modifier_sharing_constrained%
modifier_sharing_constrained;JPN;2024;%modifier_sharing_constrained%
modifier_sharing_constrained;JPN;2025;%modifier_sharing_constrained%
modifier_sharing_constrained;JPN;2026;%modifier_sharing_constrained%
modifier_sharing_constrained;JPN;2027;%modifier_sharing_constrained%
modifier_sharing_constrained;JPN;2028;%modifier_sharing_constrained%
modifier_sharing_constrained;JPN;2029;%modifier_sharing_constrained%
modifier_sharing_constrained;JPN;2030;%modifier_sharing_constrained%
modifier_sharing_constrained;JPN;2031;%modifier_sharing_constrained%
modifier_sharing_constrained;JPN;2032;%modifier_sharing_constrained%
modifier_sharing_constrained;JPN;2033;%modifier_sharing_constrained%
modifier_sharing_constrained;JPN;2034;%modifier_sharing_constrained%
modifier_sharing_constrained;JPN;2035;%modifier_sharing_constrained%
modifier_sharing_constrained;JPN;2036;%modifier_sharing_constrained%
modifier_sharing_constrained;JPN;2037;%modifier_sharing_constrained%
modifier_sharing_constrained;JPN;2038;%modifier_sharing_constrained%
modifier_sharing_constrained;JPN;2039;%modifier_sharing_constrained%
modifier_sharing_constrained;JPN;2040;%modifier_sharing_constrained%
modifier_sharing_constrained;JPN;2041;%modifier_sharing_constrained%
modifier_sharing_constrained;JPN;2042;%modifier_sharing_constrained%
modifier_sharing_constrained;JPN;2043;%modifier_sharing_constrained%
modifier_sharing_constrained;JPN;2044;%modifier_sharing_constrained%
modifier_sharing_constrained;JPN;2045;%modifier_sharing_constrained%
modifier_sharing_constrained;JPN;2046;%modifier_sharing_constrained%
modifier_sharing_constrained;JPN;2047;%modifier_sharing_constrained%
modifier_sharing_constrained;JPN;2048;%modifier_sharing_constrained%
modifier_sharing_constrained;JPN;2049;%modifier_sharing_constrained%
modifier_sharing_constrained;JPN;2050;%modifier_sharing_constrained%
modifier_sharing_constrained;JPN;2051;%modifier_sharing_constrained%
modifier_sharing_constrained;JPN;2052;%modifier_sharing_constrained%
modifier_sharing_constrained;JPN;2053;%modifier_sharing_constrained%
modifier_sharing_constrained;JPN;2054;%modifier_sharing_constrained%
modifier_sharing_constrained;JPN;2055;%modifier_sharing_constrained%
modifier_sharing_constrained;JPN;2056;%modifier_sharing_constrained%
modifier_sharing_constrained;JPN;2057;%modifier_sharing_constrained%
modifier_sharing_constrained;JPN;2058;%modifier_sharing_constrained%
modifier_sharing_constrained;JPN;2059;%modifier_sharing_constrained%
modifier_sharing_constrained;JPN;2060;%modifier_sharing_constrained%
modifier_sharing_constrained;JPN;2061;%modifier_sharing_constrained%
modifier_sharing_constrained;JPN;2062;%modifier_sharing_constrained%
modifier_sharing_constrained;JPN;2063;%modifier_sharing_constrained%
modifier_sharing_constrained;JPN;2064;%modifier_sharing_constrained%
modifier_sharing_constrained;JPN;2065;%modifier_sharing_constrained%
modifier_sharing_constrained;JPN;2066;%modifier_sharing_constrained%
modifier_sharing_constrained;JPN;2067;%modifier_sharing_constrained%
modifier_sharing_constrained;JPN;2068;%modifier_sharing_constrained%
modifier_sharing_constrained;JPN;2069;%modifier_sharing_constrained%
modifier_sharing_constrained;JPN;2070;%modifier_sharing_constrained%
modifier_sharing_constrained;JPN;2071;%modifier_sharing_constrained%
modifier_sharing_constrained;JPN;2072;%modifier_sharing_constrained%
modifier_sharing_constrained;JPN;2073;%modifier_sharing_constrained%
modifier_sharing_constrained;JPN;2074;%modifier_sharing_constrained%
modifier_sharing_constrained;JPN;2075;%modifier_sharing_constrained%
modifier_sharing_constrained;JPN;2076;%modifier_sharing_constrained%
modifier_sharing_constrained;JPN;2077;%modifier_sharing_constrained%
modifier_sharing_constrained;JPN;2078;%modifier_sharing_constrained%
modifier_sharing_constrained;JPN;2079;%modifier_sharing_constrained%
modifier_sharing_constrained;JPN;2080;%modifier_sharing_constrained%
modifier_sharing_constrained;JPN;2081;%modifier_sharing_constrained%
modifier_sharing_constrained;JPN;2082;%modifier_sharing_constrained%
modifier_sharing_constrained;JPN;2083;%modifier_sharing_constrained%
modifier_sharing_constrained;JPN;2084;%modifier_sharing_constrained%
modifier_sharing_constrained;JPN;2085;%modifier_sharing_constrained%
modifier_sharing_constrained;JPN;2086;%modifier_sharing_constrained%
modifier_sharing_constrained;JPN;2087;%modifier_sharing_constrained%
modifier_sharing_constrained;JPN;2088;%modifier_sharing_constrained%
modifier_sharing_constrained;JPN;2089;%modifier_sharing_constrained%
modifier_sharing_constrained;JPN;2090;%modifier_sharing_constrained%
modifier_sharing_constrained;JPN;2091;%modifier_sharing_constrained%
modifier_sharing_constrained;JPN;2092;%modifier_sharing_constrained%
modifier_sharing_constrained;JPN;2093;%modifier_sharing_constrained%
modifier_sharing_constrained;JPN;2094;%modifier_sharing_constrained%
modifier_sharing_constrained;JPN;2095;%modifier_sharing_constrained%
modifier_sharing_constrained;JPN;2096;%modifier_sharing_constrained%
modifier_sharing_constrained;JPN;2097;%modifier_sharing_constrained%
modifier_sharing_constrained;JPN;2098;%modifier_sharing_constrained%
modifier_sharing_constrained;JPN;2099;%modifier_sharing_constrained%
modifier_sharing_constrained;JPN;2100;%modifier_sharing_constrained%

modifier_repair_lowcarbon;JPN;2019;%modifier_repair_lowcarbon%
modifier_repair_lowcarbon;JPN;2020;%modifier_repair_lowcarbon%
modifier_repair_lowcarbon;JPN;2021;%modifier_repair_lowcarbon%
modifier_repair_lowcarbon;JPN;2022;%modifier_repair_lowcarbon%
modifier_repair_lowcarbon;JPN;2023;%modifier_repair_lowcarbon%
modifier_repair_lowcarbon;JPN;2024;%modifier_repair_lowcarbon%
modifier_repair_lowcarbon;JPN;2025;%modifier_repair_lowcarbon%
modifier_repair_lowcarbon;JPN;2026;%modifier_repair_lowcarbon%
modifier_repair_lowcarbon;JPN;2027;%modifier_repair_lowcarbon%
modifier_repair_lowcarbon;JPN;2028;%modifier_repair_lowcarbon%
modifier_repair_lowcarbon;JPN;2029;%modifier_repair_lowcarbon%
modifier_repair_lowcarbon;JPN;2030;%modifier_repair_lowcarbon%
modifier_repair_lowcarbon;JPN;2031;%modifier_repair_lowcarbon%
modifier_repair_lowcarbon;JPN;2032;%modifier_repair_lowcarbon%
modifier_repair_lowcarbon;JPN;2033;%modifier_repair_lowcarbon%
modifier_repair_lowcarbon;JPN;2034;%modifier_repair_lowcarbon%
modifier_repair_lowcarbon;JPN;2035;%modifier_repair_lowcarbon%
modifier_repair_lowcarbon;JPN;2036;%modifier_repair_lowcarbon%
modifier_repair_lowcarbon;JPN;2037;%modifier_repair_lowcarbon%
modifier_repair_lowcarbon;JPN;2038;%modifier_repair_lowcarbon%
modifier_repair_lowcarbon;JPN;2039;%modifier_repair_lowcarbon%
modifier_repair_lowcarbon;JPN;2040;%modifier_repair_lowcarbon%
modifier_repair_lowcarbon;JPN;2041;%modifier_repair_lowcarbon%
modifier_repair_lowcarbon;JPN;2042;%modifier_repair_lowcarbon%
modifier_repair_lowcarbon;JPN;2043;%modifier_repair_lowcarbon%
modifier_repair_lowcarbon;JPN;2044;%modifier_repair_lowcarbon%
modifier_repair_lowcarbon;JPN;2045;%modifier_repair_lowcarbon%
modifier_repair_lowcarbon;JPN;2046;%modifier_repair_lowcarbon%
modifier_repair_lowcarbon;JPN;2047;%modifier_repair_lowcarbon%
modifier_repair_lowcarbon;JPN;2048;%modifier_repair_lowcarbon%
modifier_repair_lowcarbon;JPN;2049;%modifier_repair_lowcarbon%
modifier_repair_lowcarbon;JPN;2050;%modifier_repair_lowcarbon%
modifier_repair_lowcarbon;JPN;2051;%modifier_repair_lowcarbon%
modifier_repair_lowcarbon;JPN;2052;%modifier_repair_lowcarbon%
modifier_repair_lowcarbon;JPN;2053;%modifier_repair_lowcarbon%
modifier_repair_lowcarbon;JPN;2054;%modifier_repair_lowcarbon%
modifier_repair_lowcarbon;JPN;2055;%modifier_repair_lowcarbon%
modifier_repair_lowcarbon;JPN;2056;%modifier_repair_lowcarbon%
modifier_repair_lowcarbon;JPN;2057;%modifier_repair_lowcarbon%
modifier_repair_lowcarbon;JPN;2058;%modifier_repair_lowcarbon%
modifier_repair_lowcarbon;JPN;2059;%modifier_repair_lowcarbon%
modifier_repair_lowcarbon;JPN;2060;%modifier_repair_lowcarbon%
modifier_repair_lowcarbon;JPN;2061;%modifier_repair_lowcarbon%
modifier_repair_lowcarbon;JPN;2062;%modifier_repair_lowcarbon%
modifier_repair_lowcarbon;JPN;2063;%modifier_repair_lowcarbon%
modifier_repair_lowcarbon;JPN;2064;%modifier_repair_lowcarbon%
modifier_repair_lowcarbon;JPN;2065;%modifier_repair_lowcarbon%
modifier_repair_lowcarbon;JPN;2066;%modifier_repair_lowcarbon%
modifier_repair_lowcarbon;JPN;2067;%modifier_repair_lowcarbon%
modifier_repair_lowcarbon;JPN;2068;%modifier_repair_lowcarbon%
modifier_repair_lowcarbon;JPN;2069;%modifier_repair_lowcarbon%
modifier_repair_lowcarbon;JPN;2070;%modifier_repair_lowcarbon%
modifier_repair_lowcarbon;JPN;2071;%modifier_repair_lowcarbon%
modifier_repair_lowcarbon;JPN;2072;%modifier_repair_lowcarbon%
modifier_repair_lowcarbon;JPN;2073;%modifier_repair_lowcarbon%
modifier_repair_lowcarbon;JPN;2074;%modifier_repair_lowcarbon%
modifier_repair_lowcarbon;JPN;2075;%modifier_repair_lowcarbon%
modifier_repair_lowcarbon;JPN;2076;%modifier_repair_lowcarbon%
modifier_repair_lowcarbon;JPN;2077;%modifier_repair_lowcarbon%
modifier_repair_lowcarbon;JPN;2078;%modifier_repair_lowcarbon%
modifier_repair_lowcarbon;JPN;2079;%modifier_repair_lowcarbon%
modifier_repair_lowcarbon;JPN;2080;%modifier_repair_lowcarbon%
modifier_repair_lowcarbon;JPN;2081;%modifier_repair_lowcarbon%
modifier_repair_lowcarbon;JPN;2082;%modifier_repair_lowcarbon%
modifier_repair_lowcarbon;JPN;2083;%modifier_repair_lowcarbon%
modifier_repair_lowcarbon;JPN;2084;%modifier_repair_lowcarbon%
modifier_repair_lowcarbon;JPN;2085;%modifier_repair_lowcarbon%
modifier_repair_lowcarbon;JPN;2086;%modifier_repair_lowcarbon%
modifier_repair_lowcarbon;JPN;2087;%modifier_repair_lowcarbon%
modifier_repair_lowcarbon;JPN;2088;%modifier_repair_lowcarbon%
modifier_repair_lowcarbon;JPN;2089;%modifier_repair_lowcarbon%
modifier_repair_lowcarbon;JPN;2090;%modifier_repair_lowcarbon%
modifier_repair_lowcarbon;JPN;2091;%modifier_repair_lowcarbon%
modifier_repair_lowcarbon;JPN;2092;%modifier_repair_lowcarbon%
modifier_repair_lowcarbon;JPN;2093;%modifier_repair_lowcarbon%
modifier_repair_lowcarbon;JPN;2094;%modifier_repair_lowcarbon%
modifier_repair_lowcarbon;JPN;2095;%modifier_repair_lowcarbon%
modifier_repair_lowcarbon;JPN;2096;%modifier_repair_lowcarbon%
modifier_repair_lowcarbon;JPN;2097;%modifier_repair_lowcarbon%
modifier_repair_lowcarbon;JPN;2098;%modifier_repair_lowcarbon%
modifier_repair_lowcarbon;JPN;2099;%modifier_repair_lowcarbon%
modifier_repair_lowcarbon;JPN;2100;%modifier_repair_lowcarbon%

modifier_repair_cautious;JPN;2019;%modifier_repair_cautious%
modifier_repair_cautious;JPN;2020;%modifier_repair_cautious%
modifier_repair_cautious;JPN;2021;%modifier_repair_cautious%
modifier_repair_cautious;JPN;2022;%modifier_repair_cautious%
modifier_repair_cautious;JPN;2023;%modifier_repair_cautious%
modifier_repair_cautious;JPN;2024;%modifier_repair_cautious%
modifier_repair_cautious;JPN;2025;%modifier_repair_cautious%
modifier_repair_cautious;JPN;2026;%modifier_repair_cautious%
modifier_repair_cautious;JPN;2027;%modifier_repair_cautious%
modifier_repair_cautious;JPN;2028;%modifier_repair_cautious%
modifier_repair_cautious;JPN;2029;%modifier_repair_cautious%
modifier_repair_cautious;JPN;2030;%modifier_repair_cautious%
modifier_repair_cautious;JPN;2031;%modifier_repair_cautious%
modifier_repair_cautious;JPN;2032;%modifier_repair_cautious%
modifier_repair_cautious;JPN;2033;%modifier_repair_cautious%
modifier_repair_cautious;JPN;2034;%modifier_repair_cautious%
modifier_repair_cautious;JPN;2035;%modifier_repair_cautious%
modifier_repair_cautious;JPN;2036;%modifier_repair_cautious%
modifier_repair_cautious;JPN;2037;%modifier_repair_cautious%
modifier_repair_cautious;JPN;2038;%modifier_repair_cautious%
modifier_repair_cautious;JPN;2039;%modifier_repair_cautious%
modifier_repair_cautious;JPN;2040;%modifier_repair_cautious%
modifier_repair_cautious;JPN;2041;%modifier_repair_cautious%
modifier_repair_cautious;JPN;2042;%modifier_repair_cautious%
modifier_repair_cautious;JPN;2043;%modifier_repair_cautious%
modifier_repair_cautious;JPN;2044;%modifier_repair_cautious%
modifier_repair_cautious;JPN;2045;%modifier_repair_cautious%
modifier_repair_cautious;JPN;2046;%modifier_repair_cautious%
modifier_repair_cautious;JPN;2047;%modifier_repair_cautious%
modifier_repair_cautious;JPN;2048;%modifier_repair_cautious%
modifier_repair_cautious;JPN;2049;%modifier_repair_cautious%
modifier_repair_cautious;JPN;2050;%modifier_repair_cautious%
modifier_repair_cautious;JPN;2051;%modifier_repair_cautious%
modifier_repair_cautious;JPN;2052;%modifier_repair_cautious%
modifier_repair_cautious;JPN;2053;%modifier_repair_cautious%
modifier_repair_cautious;JPN;2054;%modifier_repair_cautious%
modifier_repair_cautious;JPN;2055;%modifier_repair_cautious%
modifier_repair_cautious;JPN;2056;%modifier_repair_cautious%
modifier_repair_cautious;JPN;2057;%modifier_repair_cautious%
modifier_repair_cautious;JPN;2058;%modifier_repair_cautious%
modifier_repair_cautious;JPN;2059;%modifier_repair_cautious%
modifier_repair_cautious;JPN;2060;%modifier_repair_cautious%
modifier_repair_cautious;JPN;2061;%modifier_repair_cautious%
modifier_repair_cautious;JPN;2062;%modifier_repair_cautious%
modifier_repair_cautious;JPN;2063;%modifier_repair_cautious%
modifier_repair_cautious;JPN;2064;%modifier_repair_cautious%
modifier_repair_cautious;JPN;2065;%modifier_repair_cautious%
modifier_repair_cautious;JPN;2066;%modifier_repair_cautious%
modifier_repair_cautious;JPN;2067;%modifier_repair_cautious%
modifier_repair_cautious;JPN;2068;%modifier_repair_cautious%
modifier_repair_cautious;JPN;2069;%modifier_repair_cautious%
modifier_repair_cautious;JPN;2070;%modifier_repair_cautious%
modifier_repair_cautious;JPN;2071;%modifier_repair_cautious%
modifier_repair_cautious;JPN;2072;%modifier_repair_cautious%
modifier_repair_cautious;JPN;2073;%modifier_repair_cautious%
modifier_repair_cautious;JPN;2074;%modifier_repair_cautious%
modifier_repair_cautious;JPN;2075;%modifier_repair_cautious%
modifier_repair_cautious;JPN;2076;%modifier_repair_cautious%
modifier_repair_cautious;JPN;2077;%modifier_repair_cautious%
modifier_repair_cautious;JPN;2078;%modifier_repair_cautious%
modifier_repair_cautious;JPN;2079;%modifier_repair_cautious%
modifier_repair_cautious;JPN;2080;%modifier_repair_cautious%
modifier_repair_cautious;JPN;2081;%modifier_repair_cautious%
modifier_repair_cautious;JPN;2082;%modifier_repair_cautious%
modifier_repair_cautious;JPN;2083;%modifier_repair_cautious%
modifier_repair_cautious;JPN;2084;%modifier_repair_cautious%
modifier_repair_cautious;JPN;2085;%modifier_repair_cautious%
modifier_repair_cautious;JPN;2086;%modifier_repair_cautious%
modifier_repair_cautious;JPN;2087;%modifier_repair_cautious%
modifier_repair_cautious;JPN;2088;%modifier_repair_cautious%
modifier_repair_cautious;JPN;2089;%modifier_repair_cautious%
modifier_repair_cautious;JPN;2090;%modifier_repair_cautious%
modifier_repair_cautious;JPN;2091;%modifier_repair_cautious%
modifier_repair_cautious;JPN;2092;%modifier_repair_cautious%
modifier_repair_cautious;JPN;2093;%modifier_repair_cautious%
modifier_repair_cautious;JPN;2094;%modifier_repair_cautious%
modifier_repair_cautious;JPN;2095;%modifier_repair_cautious%
modifier_repair_cautious;JPN;2096;%modifier_repair_cautious%
modifier_repair_cautious;JPN;2097;%modifier_repair_cautious%
modifier_repair_cautious;JPN;2098;%modifier_repair_cautious%
modifier_repair_cautious;JPN;2099;%modifier_repair_cautious%
modifier_repair_cautious;JPN;2100;%modifier_repair_cautious%

modifier_repair_constrained;JPN;2019;%modifier_repair_constrained%
modifier_repair_constrained;JPN;2020;%modifier_repair_constrained%
modifier_repair_constrained;JPN;2021;%modifier_repair_constrained%
modifier_repair_constrained;JPN;2022;%modifier_repair_constrained%
modifier_repair_constrained;JPN;2023;%modifier_repair_constrained%
modifier_repair_constrained;JPN;2024;%modifier_repair_constrained%
modifier_repair_constrained;JPN;2025;%modifier_repair_constrained%
modifier_repair_constrained;JPN;2026;%modifier_repair_constrained%
modifier_repair_constrained;JPN;2027;%modifier_repair_constrained%
modifier_repair_constrained;JPN;2028;%modifier_repair_constrained%
modifier_repair_constrained;JPN;2029;%modifier_repair_constrained%
modifier_repair_constrained;JPN;2030;%modifier_repair_constrained%
modifier_repair_constrained;JPN;2031;%modifier_repair_constrained%
modifier_repair_constrained;JPN;2032;%modifier_repair_constrained%
modifier_repair_constrained;JPN;2033;%modifier_repair_constrained%
modifier_repair_constrained;JPN;2034;%modifier_repair_constrained%
modifier_repair_constrained;JPN;2035;%modifier_repair_constrained%
modifier_repair_constrained;JPN;2036;%modifier_repair_constrained%
modifier_repair_constrained;JPN;2037;%modifier_repair_constrained%
modifier_repair_constrained;JPN;2038;%modifier_repair_constrained%
modifier_repair_constrained;JPN;2039;%modifier_repair_constrained%
modifier_repair_constrained;JPN;2040;%modifier_repair_constrained%
modifier_repair_constrained;JPN;2041;%modifier_repair_constrained%
modifier_repair_constrained;JPN;2042;%modifier_repair_constrained%
modifier_repair_constrained;JPN;2043;%modifier_repair_constrained%
modifier_repair_constrained;JPN;2044;%modifier_repair_constrained%
modifier_repair_constrained;JPN;2045;%modifier_repair_constrained%
modifier_repair_constrained;JPN;2046;%modifier_repair_constrained%
modifier_repair_constrained;JPN;2047;%modifier_repair_constrained%
modifier_repair_constrained;JPN;2048;%modifier_repair_constrained%
modifier_repair_constrained;JPN;2049;%modifier_repair_constrained%
modifier_repair_constrained;JPN;2050;%modifier_repair_constrained%
modifier_repair_constrained;JPN;2051;%modifier_repair_constrained%
modifier_repair_constrained;JPN;2052;%modifier_repair_constrained%
modifier_repair_constrained;JPN;2053;%modifier_repair_constrained%
modifier_repair_constrained;JPN;2054;%modifier_repair_constrained%
modifier_repair_constrained;JPN;2055;%modifier_repair_constrained%
modifier_repair_constrained;JPN;2056;%modifier_repair_constrained%
modifier_repair_constrained;JPN;2057;%modifier_repair_constrained%
modifier_repair_constrained;JPN;2058;%modifier_repair_constrained%
modifier_repair_constrained;JPN;2059;%modifier_repair_constrained%
modifier_repair_constrained;JPN;2060;%modifier_repair_constrained%
modifier_repair_constrained;JPN;2061;%modifier_repair_constrained%
modifier_repair_constrained;JPN;2062;%modifier_repair_constrained%
modifier_repair_constrained;JPN;2063;%modifier_repair_constrained%
modifier_repair_constrained;JPN;2064;%modifier_repair_constrained%
modifier_repair_constrained;JPN;2065;%modifier_repair_constrained%
modifier_repair_constrained;JPN;2066;%modifier_repair_constrained%
modifier_repair_constrained;JPN;2067;%modifier_repair_constrained%
modifier_repair_constrained;JPN;2068;%modifier_repair_constrained%
modifier_repair_constrained;JPN;2069;%modifier_repair_constrained%
modifier_repair_constrained;JPN;2070;%modifier_repair_constrained%
modifier_repair_constrained;JPN;2071;%modifier_repair_constrained%
modifier_repair_constrained;JPN;2072;%modifier_repair_constrained%
modifier_repair_constrained;JPN;2073;%modifier_repair_constrained%
modifier_repair_constrained;JPN;2074;%modifier_repair_constrained%
modifier_repair_constrained;JPN;2075;%modifier_repair_constrained%
modifier_repair_constrained;JPN;2076;%modifier_repair_constrained%
modifier_repair_constrained;JPN;2077;%modifier_repair_constrained%
modifier_repair_constrained;JPN;2078;%modifier_repair_constrained%
modifier_repair_constrained;JPN;2079;%modifier_repair_constrained%
modifier_repair_constrained;JPN;2080;%modifier_repair_constrained%
modifier_repair_constrained;JPN;2081;%modifier_repair_constrained%
modifier_repair_constrained;JPN;2082;%modifier_repair_constrained%
modifier_repair_constrained;JPN;2083;%modifier_repair_constrained%
modifier_repair_constrained;JPN;2084;%modifier_repair_constrained%
modifier_repair_constrained;JPN;2085;%modifier_repair_constrained%
modifier_repair_constrained;JPN;2086;%modifier_repair_constrained%
modifier_repair_constrained;JPN;2087;%modifier_repair_constrained%
modifier_repair_constrained;JPN;2088;%modifier_repair_constrained%
modifier_repair_constrained;JPN;2089;%modifier_repair_constrained%
modifier_repair_constrained;JPN;2090;%modifier_repair_constrained%
modifier_repair_constrained;JPN;2091;%modifier_repair_constrained%
modifier_repair_constrained;JPN;2092;%modifier_repair_constrained%
modifier_repair_constrained;JPN;2093;%modifier_repair_constrained%
modifier_repair_constrained;JPN;2094;%modifier_repair_constrained%
modifier_repair_constrained;JPN;2095;%modifier_repair_constrained%
modifier_repair_constrained;JPN;2096;%modifier_repair_constrained%
modifier_repair_constrained;JPN;2097;%modifier_repair_constrained%
modifier_repair_constrained;JPN;2098;%modifier_repair_constrained%
modifier_repair_constrained;JPN;2099;%modifier_repair_constrained%
modifier_repair_constrained;JPN;2100;%modifier_repair_constrained%

modifier_expenditures_lowcarbon;JPN;2019;%modifier_expenditures_lowcarbon%
modifier_expenditures_lowcarbon;JPN;2020;%modifier_expenditures_lowcarbon%
modifier_expenditures_lowcarbon;JPN;2021;%modifier_expenditures_lowcarbon%
modifier_expenditures_lowcarbon;JPN;2022;%modifier_expenditures_lowcarbon%
modifier_expenditures_lowcarbon;JPN;2023;%modifier_expenditures_lowcarbon%
modifier_expenditures_lowcarbon;JPN;2024;%modifier_expenditures_lowcarbon%
modifier_expenditures_lowcarbon;JPN;2025;%modifier_expenditures_lowcarbon%
modifier_expenditures_lowcarbon;JPN;2026;%modifier_expenditures_lowcarbon%
modifier_expenditures_lowcarbon;JPN;2027;%modifier_expenditures_lowcarbon%
modifier_expenditures_lowcarbon;JPN;2028;%modifier_expenditures_lowcarbon%
modifier_expenditures_lowcarbon;JPN;2029;%modifier_expenditures_lowcarbon%
modifier_expenditures_lowcarbon;JPN;2030;%modifier_expenditures_lowcarbon%
modifier_expenditures_lowcarbon;JPN;2031;%modifier_expenditures_lowcarbon%
modifier_expenditures_lowcarbon;JPN;2032;%modifier_expenditures_lowcarbon%
modifier_expenditures_lowcarbon;JPN;2033;%modifier_expenditures_lowcarbon%
modifier_expenditures_lowcarbon;JPN;2034;%modifier_expenditures_lowcarbon%
modifier_expenditures_lowcarbon;JPN;2035;%modifier_expenditures_lowcarbon%
modifier_expenditures_lowcarbon;JPN;2036;%modifier_expenditures_lowcarbon%
modifier_expenditures_lowcarbon;JPN;2037;%modifier_expenditures_lowcarbon%
modifier_expenditures_lowcarbon;JPN;2038;%modifier_expenditures_lowcarbon%
modifier_expenditures_lowcarbon;JPN;2039;%modifier_expenditures_lowcarbon%
modifier_expenditures_lowcarbon;JPN;2040;%modifier_expenditures_lowcarbon%
modifier_expenditures_lowcarbon;JPN;2041;%modifier_expenditures_lowcarbon%
modifier_expenditures_lowcarbon;JPN;2042;%modifier_expenditures_lowcarbon%
modifier_expenditures_lowcarbon;JPN;2043;%modifier_expenditures_lowcarbon%
modifier_expenditures_lowcarbon;JPN;2044;%modifier_expenditures_lowcarbon%
modifier_expenditures_lowcarbon;JPN;2045;%modifier_expenditures_lowcarbon%
modifier_expenditures_lowcarbon;JPN;2046;%modifier_expenditures_lowcarbon%
modifier_expenditures_lowcarbon;JPN;2047;%modifier_expenditures_lowcarbon%
modifier_expenditures_lowcarbon;JPN;2048;%modifier_expenditures_lowcarbon%
modifier_expenditures_lowcarbon;JPN;2049;%modifier_expenditures_lowcarbon%
modifier_expenditures_lowcarbon;JPN;2050;%modifier_expenditures_lowcarbon%
modifier_expenditures_lowcarbon;JPN;2051;%modifier_expenditures_lowcarbon%
modifier_expenditures_lowcarbon;JPN;2052;%modifier_expenditures_lowcarbon%
modifier_expenditures_lowcarbon;JPN;2053;%modifier_expenditures_lowcarbon%
modifier_expenditures_lowcarbon;JPN;2054;%modifier_expenditures_lowcarbon%
modifier_expenditures_lowcarbon;JPN;2055;%modifier_expenditures_lowcarbon%
modifier_expenditures_lowcarbon;JPN;2056;%modifier_expenditures_lowcarbon%
modifier_expenditures_lowcarbon;JPN;2057;%modifier_expenditures_lowcarbon%
modifier_expenditures_lowcarbon;JPN;2058;%modifier_expenditures_lowcarbon%
modifier_expenditures_lowcarbon;JPN;2059;%modifier_expenditures_lowcarbon%
modifier_expenditures_lowcarbon;JPN;2060;%modifier_expenditures_lowcarbon%
modifier_expenditures_lowcarbon;JPN;2061;%modifier_expenditures_lowcarbon%
modifier_expenditures_lowcarbon;JPN;2062;%modifier_expenditures_lowcarbon%
modifier_expenditures_lowcarbon;JPN;2063;%modifier_expenditures_lowcarbon%
modifier_expenditures_lowcarbon;JPN;2064;%modifier_expenditures_lowcarbon%
modifier_expenditures_lowcarbon;JPN;2065;%modifier_expenditures_lowcarbon%
modifier_expenditures_lowcarbon;JPN;2066;%modifier_expenditures_lowcarbon%
modifier_expenditures_lowcarbon;JPN;2067;%modifier_expenditures_lowcarbon%
modifier_expenditures_lowcarbon;JPN;2068;%modifier_expenditures_lowcarbon%
modifier_expenditures_lowcarbon;JPN;2069;%modifier_expenditures_lowcarbon%
modifier_expenditures_lowcarbon;JPN;2070;%modifier_expenditures_lowcarbon%
modifier_expenditures_lowcarbon;JPN;2071;%modifier_expenditures_lowcarbon%
modifier_expenditures_lowcarbon;JPN;2072;%modifier_expenditures_lowcarbon%
modifier_expenditures_lowcarbon;JPN;2073;%modifier_expenditures_lowcarbon%
modifier_expenditures_lowcarbon;JPN;2074;%modifier_expenditures_lowcarbon%
modifier_expenditures_lowcarbon;JPN;2075;%modifier_expenditures_lowcarbon%
modifier_expenditures_lowcarbon;JPN;2076;%modifier_expenditures_lowcarbon%
modifier_expenditures_lowcarbon;JPN;2077;%modifier_expenditures_lowcarbon%
modifier_expenditures_lowcarbon;JPN;2078;%modifier_expenditures_lowcarbon%
modifier_expenditures_lowcarbon;JPN;2079;%modifier_expenditures_lowcarbon%
modifier_expenditures_lowcarbon;JPN;2080;%modifier_expenditures_lowcarbon%
modifier_expenditures_lowcarbon;JPN;2081;%modifier_expenditures_lowcarbon%
modifier_expenditures_lowcarbon;JPN;2082;%modifier_expenditures_lowcarbon%
modifier_expenditures_lowcarbon;JPN;2083;%modifier_expenditures_lowcarbon%
modifier_expenditures_lowcarbon;JPN;2084;%modifier_expenditures_lowcarbon%
modifier_expenditures_lowcarbon;JPN;2085;%modifier_expenditures_lowcarbon%
modifier_expenditures_lowcarbon;JPN;2086;%modifier_expenditures_lowcarbon%
modifier_expenditures_lowcarbon;JPN;2087;%modifier_expenditures_lowcarbon%
modifier_expenditures_lowcarbon;JPN;2088;%modifier_expenditures_lowcarbon%
modifier_expenditures_lowcarbon;JPN;2089;%modifier_expenditures_lowcarbon%
modifier_expenditures_lowcarbon;JPN;2090;%modifier_expenditures_lowcarbon%
modifier_expenditures_lowcarbon;JPN;2091;%modifier_expenditures_lowcarbon%
modifier_expenditures_lowcarbon;JPN;2092;%modifier_expenditures_lowcarbon%
modifier_expenditures_lowcarbon;JPN;2093;%modifier_expenditures_lowcarbon%
modifier_expenditures_lowcarbon;JPN;2094;%modifier_expenditures_lowcarbon%
modifier_expenditures_lowcarbon;JPN;2095;%modifier_expenditures_lowcarbon%
modifier_expenditures_lowcarbon;JPN;2096;%modifier_expenditures_lowcarbon%
modifier_expenditures_lowcarbon;JPN;2097;%modifier_expenditures_lowcarbon%
modifier_expenditures_lowcarbon;JPN;2098;%modifier_expenditures_lowcarbon%
modifier_expenditures_lowcarbon;JPN;2099;%modifier_expenditures_lowcarbon%
modifier_expenditures_lowcarbon;JPN;2100;%modifier_expenditures_lowcarbon%

modifier_expenditures_cautious;JPN;2019;%modifier_expenditures_cautious%
modifier_expenditures_cautious;JPN;2020;%modifier_expenditures_cautious%
modifier_expenditures_cautious;JPN;2021;%modifier_expenditures_cautious%
modifier_expenditures_cautious;JPN;2022;%modifier_expenditures_cautious%
modifier_expenditures_cautious;JPN;2023;%modifier_expenditures_cautious%
modifier_expenditures_cautious;JPN;2024;%modifier_expenditures_cautious%
modifier_expenditures_cautious;JPN;2025;%modifier_expenditures_cautious%
modifier_expenditures_cautious;JPN;2026;%modifier_expenditures_cautious%
modifier_expenditures_cautious;JPN;2027;%modifier_expenditures_cautious%
modifier_expenditures_cautious;JPN;2028;%modifier_expenditures_cautious%
modifier_expenditures_cautious;JPN;2029;%modifier_expenditures_cautious%
modifier_expenditures_cautious;JPN;2030;%modifier_expenditures_cautious%
modifier_expenditures_cautious;JPN;2031;%modifier_expenditures_cautious%
modifier_expenditures_cautious;JPN;2032;%modifier_expenditures_cautious%
modifier_expenditures_cautious;JPN;2033;%modifier_expenditures_cautious%
modifier_expenditures_cautious;JPN;2034;%modifier_expenditures_cautious%
modifier_expenditures_cautious;JPN;2035;%modifier_expenditures_cautious%
modifier_expenditures_cautious;JPN;2036;%modifier_expenditures_cautious%
modifier_expenditures_cautious;JPN;2037;%modifier_expenditures_cautious%
modifier_expenditures_cautious;JPN;2038;%modifier_expenditures_cautious%
modifier_expenditures_cautious;JPN;2039;%modifier_expenditures_cautious%
modifier_expenditures_cautious;JPN;2040;%modifier_expenditures_cautious%
modifier_expenditures_cautious;JPN;2041;%modifier_expenditures_cautious%
modifier_expenditures_cautious;JPN;2042;%modifier_expenditures_cautious%
modifier_expenditures_cautious;JPN;2043;%modifier_expenditures_cautious%
modifier_expenditures_cautious;JPN;2044;%modifier_expenditures_cautious%
modifier_expenditures_cautious;JPN;2045;%modifier_expenditures_cautious%
modifier_expenditures_cautious;JPN;2046;%modifier_expenditures_cautious%
modifier_expenditures_cautious;JPN;2047;%modifier_expenditures_cautious%
modifier_expenditures_cautious;JPN;2048;%modifier_expenditures_cautious%
modifier_expenditures_cautious;JPN;2049;%modifier_expenditures_cautious%
modifier_expenditures_cautious;JPN;2050;%modifier_expenditures_cautious%
modifier_expenditures_cautious;JPN;2051;%modifier_expenditures_cautious%
modifier_expenditures_cautious;JPN;2052;%modifier_expenditures_cautious%
modifier_expenditures_cautious;JPN;2053;%modifier_expenditures_cautious%
modifier_expenditures_cautious;JPN;2054;%modifier_expenditures_cautious%
modifier_expenditures_cautious;JPN;2055;%modifier_expenditures_cautious%
modifier_expenditures_cautious;JPN;2056;%modifier_expenditures_cautious%
modifier_expenditures_cautious;JPN;2057;%modifier_expenditures_cautious%
modifier_expenditures_cautious;JPN;2058;%modifier_expenditures_cautious%
modifier_expenditures_cautious;JPN;2059;%modifier_expenditures_cautious%
modifier_expenditures_cautious;JPN;2060;%modifier_expenditures_cautious%
modifier_expenditures_cautious;JPN;2061;%modifier_expenditures_cautious%
modifier_expenditures_cautious;JPN;2062;%modifier_expenditures_cautious%
modifier_expenditures_cautious;JPN;2063;%modifier_expenditures_cautious%
modifier_expenditures_cautious;JPN;2064;%modifier_expenditures_cautious%
modifier_expenditures_cautious;JPN;2065;%modifier_expenditures_cautious%
modifier_expenditures_cautious;JPN;2066;%modifier_expenditures_cautious%
modifier_expenditures_cautious;JPN;2067;%modifier_expenditures_cautious%
modifier_expenditures_cautious;JPN;2068;%modifier_expenditures_cautious%
modifier_expenditures_cautious;JPN;2069;%modifier_expenditures_cautious%
modifier_expenditures_cautious;JPN;2070;%modifier_expenditures_cautious%
modifier_expenditures_cautious;JPN;2071;%modifier_expenditures_cautious%
modifier_expenditures_cautious;JPN;2072;%modifier_expenditures_cautious%
modifier_expenditures_cautious;JPN;2073;%modifier_expenditures_cautious%
modifier_expenditures_cautious;JPN;2074;%modifier_expenditures_cautious%
modifier_expenditures_cautious;JPN;2075;%modifier_expenditures_cautious%
modifier_expenditures_cautious;JPN;2076;%modifier_expenditures_cautious%
modifier_expenditures_cautious;JPN;2077;%modifier_expenditures_cautious%
modifier_expenditures_cautious;JPN;2078;%modifier_expenditures_cautious%
modifier_expenditures_cautious;JPN;2079;%modifier_expenditures_cautious%
modifier_expenditures_cautious;JPN;2080;%modifier_expenditures_cautious%
modifier_expenditures_cautious;JPN;2081;%modifier_expenditures_cautious%
modifier_expenditures_cautious;JPN;2082;%modifier_expenditures_cautious%
modifier_expenditures_cautious;JPN;2083;%modifier_expenditures_cautious%
modifier_expenditures_cautious;JPN;2084;%modifier_expenditures_cautious%
modifier_expenditures_cautious;JPN;2085;%modifier_expenditures_cautious%
modifier_expenditures_cautious;JPN;2086;%modifier_expenditures_cautious%
modifier_expenditures_cautious;JPN;2087;%modifier_expenditures_cautious%
modifier_expenditures_cautious;JPN;2088;%modifier_expenditures_cautious%
modifier_expenditures_cautious;JPN;2089;%modifier_expenditures_cautious%
modifier_expenditures_cautious;JPN;2090;%modifier_expenditures_cautious%
modifier_expenditures_cautious;JPN;2091;%modifier_expenditures_cautious%
modifier_expenditures_cautious;JPN;2092;%modifier_expenditures_cautious%
modifier_expenditures_cautious;JPN;2093;%modifier_expenditures_cautious%
modifier_expenditures_cautious;JPN;2094;%modifier_expenditures_cautious%
modifier_expenditures_cautious;JPN;2095;%modifier_expenditures_cautious%
modifier_expenditures_cautious;JPN;2096;%modifier_expenditures_cautious%
modifier_expenditures_cautious;JPN;2097;%modifier_expenditures_cautious%
modifier_expenditures_cautious;JPN;2098;%modifier_expenditures_cautious%
modifier_expenditures_cautious;JPN;2099;%modifier_expenditures_cautious%
modifier_expenditures_cautious;JPN;2100;%modifier_expenditures_cautious%

modifier_expenditures_constrained;JPN;2019;%modifier_expenditures_constrained%
modifier_expenditures_constrained;JPN;2020;%modifier_expenditures_constrained%
modifier_expenditures_constrained;JPN;2021;%modifier_expenditures_constrained%
modifier_expenditures_constrained;JPN;2022;%modifier_expenditures_constrained%
modifier_expenditures_constrained;JPN;2023;%modifier_expenditures_constrained%
modifier_expenditures_constrained;JPN;2024;%modifier_expenditures_constrained%
modifier_expenditures_constrained;JPN;2025;%modifier_expenditures_constrained%
modifier_expenditures_constrained;JPN;2026;%modifier_expenditures_constrained%
modifier_expenditures_constrained;JPN;2027;%modifier_expenditures_constrained%
modifier_expenditures_constrained;JPN;2028;%modifier_expenditures_constrained%
modifier_expenditures_constrained;JPN;2029;%modifier_expenditures_constrained%
modifier_expenditures_constrained;JPN;2030;%modifier_expenditures_constrained%
modifier_expenditures_constrained;JPN;2031;%modifier_expenditures_constrained%
modifier_expenditures_constrained;JPN;2032;%modifier_expenditures_constrained%
modifier_expenditures_constrained;JPN;2033;%modifier_expenditures_constrained%
modifier_expenditures_constrained;JPN;2034;%modifier_expenditures_constrained%
modifier_expenditures_constrained;JPN;2035;%modifier_expenditures_constrained%
modifier_expenditures_constrained;JPN;2036;%modifier_expenditures_constrained%
modifier_expenditures_constrained;JPN;2037;%modifier_expenditures_constrained%
modifier_expenditures_constrained;JPN;2038;%modifier_expenditures_constrained%
modifier_expenditures_constrained;JPN;2039;%modifier_expenditures_constrained%
modifier_expenditures_constrained;JPN;2040;%modifier_expenditures_constrained%
modifier_expenditures_constrained;JPN;2041;%modifier_expenditures_constrained%
modifier_expenditures_constrained;JPN;2042;%modifier_expenditures_constrained%
modifier_expenditures_constrained;JPN;2043;%modifier_expenditures_constrained%
modifier_expenditures_constrained;JPN;2044;%modifier_expenditures_constrained%
modifier_expenditures_constrained;JPN;2045;%modifier_expenditures_constrained%
modifier_expenditures_constrained;JPN;2046;%modifier_expenditures_constrained%
modifier_expenditures_constrained;JPN;2047;%modifier_expenditures_constrained%
modifier_expenditures_constrained;JPN;2048;%modifier_expenditures_constrained%
modifier_expenditures_constrained;JPN;2049;%modifier_expenditures_constrained%
modifier_expenditures_constrained;JPN;2050;%modifier_expenditures_constrained%
modifier_expenditures_constrained;JPN;2051;%modifier_expenditures_constrained%
modifier_expenditures_constrained;JPN;2052;%modifier_expenditures_constrained%
modifier_expenditures_constrained;JPN;2053;%modifier_expenditures_constrained%
modifier_expenditures_constrained;JPN;2054;%modifier_expenditures_constrained%
modifier_expenditures_constrained;JPN;2055;%modifier_expenditures_constrained%
modifier_expenditures_constrained;JPN;2056;%modifier_expenditures_constrained%
modifier_expenditures_constrained;JPN;2057;%modifier_expenditures_constrained%
modifier_expenditures_constrained;JPN;2058;%modifier_expenditures_constrained%
modifier_expenditures_constrained;JPN;2059;%modifier_expenditures_constrained%
modifier_expenditures_constrained;JPN;2060;%modifier_expenditures_constrained%
modifier_expenditures_constrained;JPN;2061;%modifier_expenditures_constrained%
modifier_expenditures_constrained;JPN;2062;%modifier_expenditures_constrained%
modifier_expenditures_constrained;JPN;2063;%modifier_expenditures_constrained%
modifier_expenditures_constrained;JPN;2064;%modifier_expenditures_constrained%
modifier_expenditures_constrained;JPN;2065;%modifier_expenditures_constrained%
modifier_expenditures_constrained;JPN;2066;%modifier_expenditures_constrained%
modifier_expenditures_constrained;JPN;2067;%modifier_expenditures_constrained%
modifier_expenditures_constrained;JPN;2068;%modifier_expenditures_constrained%
modifier_expenditures_constrained;JPN;2069;%modifier_expenditures_constrained%
modifier_expenditures_constrained;JPN;2070;%modifier_expenditures_constrained%
modifier_expenditures_constrained;JPN;2071;%modifier_expenditures_constrained%
modifier_expenditures_constrained;JPN;2072;%modifier_expenditures_constrained%
modifier_expenditures_constrained;JPN;2073;%modifier_expenditures_constrained%
modifier_expenditures_constrained;JPN;2074;%modifier_expenditures_constrained%
modifier_expenditures_constrained;JPN;2075;%modifier_expenditures_constrained%
modifier_expenditures_constrained;JPN;2076;%modifier_expenditures_constrained%
modifier_expenditures_constrained;JPN;2077;%modifier_expenditures_constrained%
modifier_expenditures_constrained;JPN;2078;%modifier_expenditures_constrained%
modifier_expenditures_constrained;JPN;2079;%modifier_expenditures_constrained%
modifier_expenditures_constrained;JPN;2080;%modifier_expenditures_constrained%
modifier_expenditures_constrained;JPN;2081;%modifier_expenditures_constrained%
modifier_expenditures_constrained;JPN;2082;%modifier_expenditures_constrained%
modifier_expenditures_constrained;JPN;2083;%modifier_expenditures_constrained%
modifier_expenditures_constrained;JPN;2084;%modifier_expenditures_constrained%
modifier_expenditures_constrained;JPN;2085;%modifier_expenditures_constrained%
modifier_expenditures_constrained;JPN;2086;%modifier_expenditures_constrained%
modifier_expenditures_constrained;JPN;2087;%modifier_expenditures_constrained%
modifier_expenditures_constrained;JPN;2088;%modifier_expenditures_constrained%
modifier_expenditures_constrained;JPN;2089;%modifier_expenditures_constrained%
modifier_expenditures_constrained;JPN;2090;%modifier_expenditures_constrained%
modifier_expenditures_constrained;JPN;2091;%modifier_expenditures_constrained%
modifier_expenditures_constrained;JPN;2092;%modifier_expenditures_constrained%
modifier_expenditures_constrained;JPN;2093;%modifier_expenditures_constrained%
modifier_expenditures_constrained;JPN;2094;%modifier_expenditures_constrained%
modifier_expenditures_constrained;JPN;2095;%modifier_expenditures_constrained%
modifier_expenditures_constrained;JPN;2096;%modifier_expenditures_constrained%
modifier_expenditures_constrained;JPN;2097;%modifier_expenditures_constrained%
modifier_expenditures_constrained;JPN;2098;%modifier_expenditures_constrained%
modifier_expenditures_constrained;JPN;2099;%modifier_expenditures_constrained%
modifier_expenditures_constrained;JPN;2100;%modifier_expenditures_constrained%

g_el_witch;JPN;2019;-0.007271571662
g_el_witch;JPN;2020;-0.014543143324
g_el_witch;JPN;2021;-0.021814714986
g_el_witch;JPN;2022;-0.029086286648
g_el_witch;JPN;2023;-0.036357858310
g_el_witch;JPN;2024;-0.043629429972
g_el_witch;JPN;2025;-0.050901001634
g_el_witch;JPN;2026;-0.058172573296
g_el_witch;JPN;2027;-0.065444144958
g_el_witch;JPN;2028;-0.072715716620
g_el_witch;JPN;2029;-0.079987288282
g_el_witch;JPN;2030;-0.087258859944
g_el_witch;JPN;2031;-0.094530431606
g_el_witch;JPN;2032;-0.101802003268
g_el_witch;JPN;2033;-0.109073574930
g_el_witch;JPN;2034;-0.116345146592
g_el_witch;JPN;2035;-0.123616718254
g_el_witch;JPN;2036;-0.130888289916
g_el_witch;JPN;2037;-0.138159861578
g_el_witch;JPN;2038;-0.145431433239
g_el_witch;JPN;2039;-0.152703004901
g_el_witch;JPN;2040;-0.159974576563
g_el_witch;JPN;2041;-0.167246148225
g_el_witch;JPN;2042;-0.174517719887
g_el_witch;JPN;2043;-0.181789291549
g_el_witch;JPN;2044;-0.189060863211
g_el_witch;JPN;2045;-0.196332434873
g_el_witch;JPN;2046;-0.203604006535
g_el_witch;JPN;2047;-0.210875578197
g_el_witch;JPN;2048;-0.218147149859
g_el_witch;JPN;2049;-0.225418721521
g_el_witch;JPN;2050;-0.232690293183
g_el_witch;JPN;2051;-0.239961864845
g_el_witch;JPN;2052;-0.247233436507
g_el_witch;JPN;2053;-0.254505008169
g_el_witch;JPN;2054;-0.261776579831
g_el_witch;JPN;2055;-0.269048151493
g_el_witch;JPN;2056;-0.276319723155
g_el_witch;JPN;2057;-0.283591294817
g_el_witch;JPN;2058;-0.290862866479
g_el_witch;JPN;2059;-0.298134438141
g_el_witch;JPN;2060;-0.305406009803
g_el_witch;JPN;2061;-0.305406009803
g_el_witch;JPN;2062;-0.305406009803
g_el_witch;JPN;2063;-0.305406009803
g_el_witch;JPN;2064;-0.305406009803
g_el_witch;JPN;2065;-0.305406009803
g_el_witch;JPN;2066;-0.305406009803
g_el_witch;JPN;2067;-0.305406009803
g_el_witch;JPN;2068;-0.305406009803
g_el_witch;JPN;2069;-0.305406009803
g_el_witch;JPN;2070;-0.305406009803
g_el_witch;JPN;2071;-0.305406009803 
g_el_witch;JPN;2072;-0.305406009803 
g_el_witch;JPN;2073;-0.305406009803 
g_el_witch;JPN;2074;-0.305406009803 
g_el_witch;JPN;2075;-0.305406009803 
g_el_witch;JPN;2076;-0.305406009803 
g_el_witch;JPN;2077;-0.305406009803 
g_el_witch;JPN;2078;-0.305406009803 
g_el_witch;JPN;2079;-0.305406009803 
g_el_witch;JPN;2080;-0.305406009803 
g_el_witch;JPN;2081;-0.305406009803 
g_el_witch;JPN;2082;-0.305406009803 
g_el_witch;JPN;2083;-0.305406009803 
g_el_witch;JPN;2084;-0.305406009803 
g_el_witch;JPN;2085;-0.305406009803 
g_el_witch;JPN;2086;-0.305406009803 
g_el_witch;JPN;2087;-0.305406009803 
g_el_witch;JPN;2088;-0.305406009803 
g_el_witch;JPN;2089;-0.305406009803 
g_el_witch;JPN;2090;-0.305406009803 
g_el_witch;JPN;2091;-0.305406009803 
g_el_witch;JPN;2092;-0.305406009803 
g_el_witch;JPN;2093;-0.305406009803 
g_el_witch;JPN;2094;-0.305406009803 
g_el_witch;JPN;2095;-0.305406009803 
g_el_witch;JPN;2096;-0.305406009803 
g_el_witch;JPN;2097;-0.305406009803 
g_el_witch;JPN;2098;-0.305406009803 
g_el_witch;JPN;2099;-0.305406009803 
g_el_witch;JPN;2100;-0.305406009803 

g_nel_witch;JPN;2019;0.017917915776
g_nel_witch;JPN;2020;0.033922998626
g_nel_witch;JPN;2021;0.050884497940
g_nel_witch;JPN;2022;0.068400581146
g_nel_witch;JPN;2023;0.086212674824
g_nel_witch;JPN;2024;0.104331584451
g_nel_witch;JPN;2025;0.122767866798
g_nel_witch;JPN;2026;0.141531853000
g_nel_witch;JPN;2027;0.160633670275
g_nel_witch;JPN;2028;0.180083262369
g_nel_witch;JPN;2029;0.199890408809
g_nel_witch;JPN;2030;0.220064743040
g_nel_witch;JPN;2031;0.240615769510
g_nel_witch;JPN;2032;0.259324268998
g_nel_witch;JPN;2033;0.278061718173
g_nel_witch;JPN;2034;0.296828203443
g_nel_witch;JPN;2035;0.315623811012
g_nel_witch;JPN;2036;0.334448626885
g_nel_witch;JPN;2037;0.353444844453
g_nel_witch;JPN;2038;0.372487089572
g_nel_witch;JPN;2039;0.391575681921
g_nel_witch;JPN;2040;0.410710937656
g_nel_witch;JPN;2041;0.429893169474
g_nel_witch;JPN;2042;0.448782741192
g_nel_witch;JPN;2043;0.467692238398
g_nel_witch;JPN;2044;0.486622027724
g_nel_witch;JPN;2045;0.505572470710
g_nel_witch;JPN;2046;0.524543923958
g_nel_witch;JPN;2047;0.543109647134
g_nel_witch;JPN;2048;0.561665196910
g_nel_witch;JPN;2049;0.580210714863
g_nel_witch;JPN;2050;0.598746342732
g_nel_witch;JPN;2051;0.617272222435
g_nel_witch;JPN;2052;0.635377821811
g_nel_witch;JPN;2053;0.653449730640
g_nel_witch;JPN;2054;0.671488091076
g_nel_witch;JPN;2055;0.689493046084
g_nel_witch;JPN;2056;0.707464739442
g_nel_witch;JPN;2057;0.725617298120
g_nel_witch;JPN;2058;0.743748538475
g_nel_witch;JPN;2059;0.761858657276
g_nel_witch;JPN;2060;0.779947852239
g_nel_witch;JPN;2061;0.779947852239
g_nel_witch;JPN;2062;0.779947852239
g_nel_witch;JPN;2063;0.779947852239
g_nel_witch;JPN;2064;0.779947852239
g_nel_witch;JPN;2065;0.779947852239
g_nel_witch;JPN;2066;0.779947852239
g_nel_witch;JPN;2067;0.779947852239
g_nel_witch;JPN;2068;0.779947852239
g_nel_witch;JPN;2069;0.779947852239
g_nel_witch;JPN;2070;0.779947852239
g_nel_witch;JPN;2071;0.779947852239 
g_nel_witch;JPN;2072;0.779947852239 
g_nel_witch;JPN;2073;0.779947852239 
g_nel_witch;JPN;2074;0.779947852239 
g_nel_witch;JPN;2075;0.779947852239 
g_nel_witch;JPN;2076;0.779947852239 
g_nel_witch;JPN;2077;0.779947852239 
g_nel_witch;JPN;2078;0.779947852239 
g_nel_witch;JPN;2079;0.779947852239 
g_nel_witch;JPN;2080;0.779947852239 
g_nel_witch;JPN;2081;0.779947852239 
g_nel_witch;JPN;2082;0.779947852239 
g_nel_witch;JPN;2083;0.779947852239 
g_nel_witch;JPN;2084;0.779947852239 
g_nel_witch;JPN;2085;0.779947852239 
g_nel_witch;JPN;2086;0.779947852239 
g_nel_witch;JPN;2087;0.779947852239 
g_nel_witch;JPN;2088;0.779947852239 
g_nel_witch;JPN;2089;0.779947852239 
g_nel_witch;JPN;2090;0.779947852239 
g_nel_witch;JPN;2091;0.779947852239 
g_nel_witch;JPN;2092;0.779947852239 
g_nel_witch;JPN;2093;0.779947852239 
g_nel_witch;JPN;2094;0.779947852239 
g_nel_witch;JPN;2095;0.779947852239 
g_nel_witch;JPN;2096;0.779947852239 
g_nel_witch;JPN;2097;0.779947852239 
g_nel_witch;JPN;2098;0.779947852239 
g_nel_witch;JPN;2099;0.779947852239 
g_nel_witch;JPN;2100;0.779947852239 

Inv_RDEN_EE;JPN;2019;0
Inv_RDEN_EE;JPN;2020;0
Inv_RDEN_EE;JPN;2021;0
Inv_RDEN_EE;JPN;2022;0
Inv_RDEN_EE;JPN;2023;0
Inv_RDEN_EE;JPN;2024;0
Inv_RDEN_EE;JPN;2025;0
Inv_RDEN_EE;JPN;2026;0
Inv_RDEN_EE;JPN;2027;0
Inv_RDEN_EE;JPN;2028;0
Inv_RDEN_EE;JPN;2029;0
Inv_RDEN_EE;JPN;2030;0
Inv_RDEN_EE;JPN;2031;0
Inv_RDEN_EE;JPN;2032;0
Inv_RDEN_EE;JPN;2033;0
Inv_RDEN_EE;JPN;2034;0
Inv_RDEN_EE;JPN;2035;0
Inv_RDEN_EE;JPN;2036;0
Inv_RDEN_EE;JPN;2037;0
Inv_RDEN_EE;JPN;2038;0
Inv_RDEN_EE;JPN;2039;0
Inv_RDEN_EE;JPN;2040;0
Inv_RDEN_EE;JPN;2041;0
Inv_RDEN_EE;JPN;2042;0
Inv_RDEN_EE;JPN;2043;0
Inv_RDEN_EE;JPN;2044;0
Inv_RDEN_EE;JPN;2045;0
Inv_RDEN_EE;JPN;2046;0
Inv_RDEN_EE;JPN;2047;0
Inv_RDEN_EE;JPN;2048;0
Inv_RDEN_EE;JPN;2049;0
Inv_RDEN_EE;JPN;2050;0
Inv_RDEN_EE;JPN;2051;0
Inv_RDEN_EE;JPN;2052;0
Inv_RDEN_EE;JPN;2053;0
Inv_RDEN_EE;JPN;2054;0
Inv_RDEN_EE;JPN;2055;0
Inv_RDEN_EE;JPN;2056;0
Inv_RDEN_EE;JPN;2057;0
Inv_RDEN_EE;JPN;2058;0
Inv_RDEN_EE;JPN;2059;0
Inv_RDEN_EE;JPN;2060;0
Inv_RDEN_EE;JPN;2061;0
Inv_RDEN_EE;JPN;2062;0
Inv_RDEN_EE;JPN;2063;0
Inv_RDEN_EE;JPN;2064;0
Inv_RDEN_EE;JPN;2065;0
Inv_RDEN_EE;JPN;2066;0
Inv_RDEN_EE;JPN;2067;0
Inv_RDEN_EE;JPN;2068;0
Inv_RDEN_EE;JPN;2069;0
Inv_RDEN_EE;JPN;2070;0
Inv_RDEN_EE;JPN;2071;0
Inv_RDEN_EE;JPN;2072;0
Inv_RDEN_EE;JPN;2073;0
Inv_RDEN_EE;JPN;2074;0
Inv_RDEN_EE;JPN;2075;0
Inv_RDEN_EE;JPN;2076;0
Inv_RDEN_EE;JPN;2077;0
Inv_RDEN_EE;JPN;2078;0
Inv_RDEN_EE;JPN;2079;0
Inv_RDEN_EE;JPN;2080;0
Inv_RDEN_EE;JPN;2081;0
Inv_RDEN_EE;JPN;2082;0
Inv_RDEN_EE;JPN;2083;0
Inv_RDEN_EE;JPN;2084;0
Inv_RDEN_EE;JPN;2085;0
Inv_RDEN_EE;JPN;2086;0
Inv_RDEN_EE;JPN;2087;0
Inv_RDEN_EE;JPN;2088;0
Inv_RDEN_EE;JPN;2089;0
Inv_RDEN_EE;JPN;2090;0
Inv_RDEN_EE;JPN;2091;0
Inv_RDEN_EE;JPN;2092;0
Inv_RDEN_EE;JPN;2093;0
Inv_RDEN_EE;JPN;2094;0
Inv_RDEN_EE;JPN;2095;0
Inv_RDEN_EE;JPN;2096;0
Inv_RDEN_EE;JPN;2097;0
Inv_RDEN_EE;JPN;2098;0
Inv_RDEN_EE;JPN;2099;0
Inv_RDEN_EE;JPN;2100;0

Inv_k_powercapacities;JPN;2019;0.0081873229163992300
Inv_k_powercapacities;JPN;2020;0.0078861671223153100
Inv_k_powercapacities;JPN;2021;0.0075960887968052300
Inv_k_powercapacities;JPN;2022;0.0073166804753193700
Inv_k_powercapacities;JPN;2023;0.0070475496811510400
Inv_k_powercapacities;JPN;2024;0.0067883183741359400
Inv_k_powercapacities;JPN;2025;0.0065386224196301600
Inv_k_powercapacities;JPN;2026;0.0062981110770209100
Inv_k_powercapacities;JPN;2027;0.0060664465070514200
Inv_k_powercapacities;JPN;2028;0.0058433032972680000
Inv_k_powercapacities;JPN;2029;0.0056283680049226700
Inv_k_powercapacities;JPN;2030;0.0050920648242578500
Inv_k_powercapacities;JPN;2031;0.0046068636861992700
Inv_k_powercapacities;JPN;2032;0.0041678952950711400
Inv_k_powercapacities;JPN;2033;0.0037707543296137300
Inv_k_powercapacities;JPN;2034;0.0034114552328402400
Inv_k_powercapacities;JPN;2035;0.0031019916213333300
Inv_k_powercapacities;JPN;2036;0.0028206004071790100
Inv_k_powercapacities;JPN;2037;0.0025647350567500100
Inv_k_powercapacities;JPN;2038;0.0023320800403277500
Inv_k_powercapacities;JPN;2039;0.0021205298770262800
Inv_k_powercapacities;JPN;2040;0.0020831016766984200
Inv_k_powercapacities;JPN;2041;0.0020463340990738600
Inv_k_powercapacities;JPN;2042;0.0020102154838976900
Inv_k_powercapacities;JPN;2043;0.0019747343767232000
Inv_k_powercapacities;JPN;2044;0.0019398795252792000
Inv_k_powercapacities;JPN;2045;0.0019143362720957800
Inv_k_powercapacities;JPN;2046;0.0018891293582440900
Inv_k_powercapacities;JPN;2047;0.0018642543549951500
Inv_k_powercapacities;JPN;2048;0.0018397068919349900
Inv_k_powercapacities;JPN;2049;0.0018154826561968300
Inv_k_powercapacities;JPN;2050;0.0017863124942929600
Inv_k_powercapacities;JPN;2051;0.0017576110222675600
Inv_k_powercapacities;JPN;2052;0.0017293707094732900
Inv_k_powercapacities;JPN;2053;0.0017015841462610500
Inv_k_powercapacities;JPN;2054;0.0016742440420358300
Inv_k_powercapacities;JPN;2055;0.0016733596565215400
Inv_k_powercapacities;JPN;2056;0.0016724757381660000
Inv_k_powercapacities;JPN;2057;0.0016715922867224200
Inv_k_powercapacities;JPN;2058;0.0016707093019441800
Inv_k_powercapacities;JPN;2059;0.0016698267835847700
Inv_k_powercapacities;JPN;2060;0.0016271749921406500
Inv_k_powercapacities;JPN;2061;0.0016271749921406500
Inv_k_powercapacities;JPN;2062;0.0016271749921406500
Inv_k_powercapacities;JPN;2063;0.0016271749921406500
Inv_k_powercapacities;JPN;2064;0.0016271749921406500
Inv_k_powercapacities;JPN;2065;0.0016271749921406500
Inv_k_powercapacities;JPN;2066;0.0016271749921406500
Inv_k_powercapacities;JPN;2067;0.0016271749921406500
Inv_k_powercapacities;JPN;2068;0.0016271749921406500
Inv_k_powercapacities;JPN;2069;0.0016271749921406500
Inv_k_powercapacities;JPN;2070;0.0016271749921406500
Inv_k_powercapacities;JPN;2071;0.0016271749921406500 
Inv_k_powercapacities;JPN;2072;0.0016271749921406500 
Inv_k_powercapacities;JPN;2073;0.0016271749921406500 
Inv_k_powercapacities;JPN;2074;0.0016271749921406500 
Inv_k_powercapacities;JPN;2075;0.0016271749921406500 
Inv_k_powercapacities;JPN;2076;0.0016271749921406500 
Inv_k_powercapacities;JPN;2077;0.0016271749921406500 
Inv_k_powercapacities;JPN;2078;0.0016271749921406500 
Inv_k_powercapacities;JPN;2079;0.0016271749921406500 
Inv_k_powercapacities;JPN;2080;0.0016271749921406500 
Inv_k_powercapacities;JPN;2081;0.0016271749921406500 
Inv_k_powercapacities;JPN;2082;0.0016271749921406500 
Inv_k_powercapacities;JPN;2083;0.0016271749921406500 
Inv_k_powercapacities;JPN;2084;0.0016271749921406500 
Inv_k_powercapacities;JPN;2085;0.0016271749921406500 
Inv_k_powercapacities;JPN;2086;0.0016271749921406500 
Inv_k_powercapacities;JPN;2087;0.0016271749921406500 
Inv_k_powercapacities;JPN;2088;0.0016271749921406500 
Inv_k_powercapacities;JPN;2089;0.0016271749921406500 
Inv_k_powercapacities;JPN;2090;0.0016271749921406500 
Inv_k_powercapacities;JPN;2091;0.0016271749921406500 
Inv_k_powercapacities;JPN;2092;0.0016271749921406500 
Inv_k_powercapacities;JPN;2093;0.0016271749921406500 
Inv_k_powercapacities;JPN;2094;0.0016271749921406500 
Inv_k_powercapacities;JPN;2095;0.0016271749921406500 
Inv_k_powercapacities;JPN;2096;0.0016271749921406500 
Inv_k_powercapacities;JPN;2097;0.0016271749921406500 
Inv_k_powercapacities;JPN;2098;0.0016271749921406500 
Inv_k_powercapacities;JPN;2099;0.0016271749921406500 
Inv_k_powercapacities;JPN;2100;0.0016271749921406500 

emissions_el_WITCH;JPN;2019;8.25069578718111E-11
emissions_el_WITCH;JPN;2020;8.05987504615712E-11
emissions_el_WITCH;JPN;2021;8.10173112460218E-11
emissions_el_WITCH;JPN;2022;8.14380456762086E-11
emissions_el_WITCH;JPN;2023;8.18609650401832E-11
emissions_el_WITCH;JPN;2024;8.22860806846179E-11
emissions_el_WITCH;JPN;2025;8.27134040151098E-11
emissions_el_WITCH;JPN;2026;8.31429464964867E-11
emissions_el_WITCH;JPN;2027;8.35747196531152E-11
emissions_el_WITCH;JPN;2028;8.40087350692094E-11
emissions_el_WITCH;JPN;2029;8.44450043891418E-11
emissions_el_WITCH;JPN;2030;8.48835393177559E-11 
emissions_el_WITCH;JPN;2031;8.28610404878851E-11 
emissions_el_WITCH;JPN;2032;8.08867312310423E-11 
emissions_el_WITCH;JPN;2033;7.89594633463414E-11 
emissions_el_WITCH;JPN;2034;7.70781159907912E-11 
emissions_el_WITCH;JPN;2035;7.52415950274457E-11 
emissions_el_WITCH;JPN;2036;7.42055613452966E-11 
emissions_el_WITCH;JPN;2037;7.31837932537449E-11 
emissions_el_WITCH;JPN;2038;7.21760943237759E-11 
emissions_el_WITCH;JPN;2039;7.11822708310905E-11 
emissions_el_WITCH;JPN;2040;7.02021317188619E-11 
emissions_el_WITCH;JPN;2041;6.98150946681989E-11 
emissions_el_WITCH;JPN;2042;6.94301914228053E-11 
emissions_el_WITCH;JPN;2043;6.90474102186267E-11 
emissions_el_WITCH;JPN;2044;6.86667393564661E-11 
emissions_el_WITCH;JPN;2045;6.82881672016261E-11 
emissions_el_WITCH;JPN;2046;6.80167747763003E-11 
emissions_el_WITCH;JPN;2047;6.77464609250752E-11 
emissions_el_WITCH;JPN;2048;6.74772213614565E-11 
emissions_el_WITCH;JPN;2049;6.72090518159852E-11 
emissions_el_WITCH;JPN;2050;6.69419480361703E-11 
emissions_el_WITCH;JPN;2051;6.66286144357248E-11 
emissions_el_WITCH;JPN;2052;6.63167474484875E-11 
emissions_el_WITCH;JPN;2053;6.60063402097164E-11 
emissions_el_WITCH;JPN;2054;6.56973858868012E-11 
emissions_el_WITCH;JPN;2055;6.53898776791128E-11 
emissions_el_WITCH;JPN;2056;6.51235261246177E-11 
emissions_el_WITCH;JPN;2057;6.48582594956967E-11 
emissions_el_WITCH;JPN;2058;6.45940733731397E-11 
emissions_el_WITCH;JPN;2059;6.43309633557371E-11 
emissions_el_WITCH;JPN;2060;6.40689250602068E-11 
emissions_el_WITCH;JPN;2061;6.40689250602068E-11  
emissions_el_WITCH;JPN;2062;6.40689250602068E-11  
emissions_el_WITCH;JPN;2063;6.40689250602068E-11  
emissions_el_WITCH;JPN;2064;6.40689250602068E-11  
emissions_el_WITCH;JPN;2065;6.40689250602068E-11  
emissions_el_WITCH;JPN;2066;6.40689250602068E-11  
emissions_el_WITCH;JPN;2067;6.40689250602068E-11  
emissions_el_WITCH;JPN;2068;6.40689250602068E-11  
emissions_el_WITCH;JPN;2069;6.40689250602068E-11  
emissions_el_WITCH;JPN;2070;6.40689250602068E-11  
emissions_el_WITCH;JPN;2071;6.40689250602068E-11  
emissions_el_WITCH;JPN;2072;6.40689250602068E-11  
emissions_el_WITCH;JPN;2073;6.40689250602068E-11  
emissions_el_WITCH;JPN;2074;6.40689250602068E-11  
emissions_el_WITCH;JPN;2075;6.40689250602068E-11  
emissions_el_WITCH;JPN;2076;6.40689250602068E-11  
emissions_el_WITCH;JPN;2077;6.40689250602068E-11  
emissions_el_WITCH;JPN;2078;6.40689250602068E-11  
emissions_el_WITCH;JPN;2079;6.40689250602068E-11  
emissions_el_WITCH;JPN;2080;6.40689250602068E-11  
emissions_el_WITCH;JPN;2081;6.40689250602068E-11  
emissions_el_WITCH;JPN;2082;6.40689250602068E-11  
emissions_el_WITCH;JPN;2083;6.40689250602068E-11  
emissions_el_WITCH;JPN;2084;6.40689250602068E-11  
emissions_el_WITCH;JPN;2085;6.40689250602068E-11  
emissions_el_WITCH;JPN;2086;6.40689250602068E-11  
emissions_el_WITCH;JPN;2087;6.40689250602068E-11  
emissions_el_WITCH;JPN;2088;6.40689250602068E-11  
emissions_el_WITCH;JPN;2089;6.40689250602068E-11  
emissions_el_WITCH;JPN;2090;6.40689250602068E-11  
emissions_el_WITCH;JPN;2091;6.40689250602068E-11  
emissions_el_WITCH;JPN;2092;6.40689250602068E-11  
emissions_el_WITCH;JPN;2093;6.40689250602068E-11  
emissions_el_WITCH;JPN;2094;6.40689250602068E-11  
emissions_el_WITCH;JPN;2095;6.40689250602068E-11  
emissions_el_WITCH;JPN;2096;6.40689250602068E-11  
emissions_el_WITCH;JPN;2097;6.40689250602068E-11  
emissions_el_WITCH;JPN;2098;6.40689250602068E-11  
emissions_el_WITCH;JPN;2099;6.40689250602068E-11  
emissions_el_WITCH;JPN;2100;6.40689250602068E-11  

emissions_nel_WITCH;JPN;2019;8.25069578718111E-11
emissions_nel_WITCH;JPN;2020;8.05987504615712E-11
emissions_nel_WITCH;JPN;2021;8.10173112460218E-11
emissions_nel_WITCH;JPN;2022;8.14380456762086E-11
emissions_nel_WITCH;JPN;2023;8.18609650401832E-11
emissions_nel_WITCH;JPN;2024;8.22860806846179E-11
emissions_nel_WITCH;JPN;2025;8.27134040151098E-11
emissions_nel_WITCH;JPN;2026;8.31429464964867E-11
emissions_nel_WITCH;JPN;2027;8.35747196531152E-11
emissions_nel_WITCH;JPN;2028;8.40087350692094E-11
emissions_nel_WITCH;JPN;2029;8.44450043891418E-11
emissions_nel_WITCH;JPN;2030;8.48835393177559E-11 
emissions_nel_WITCH;JPN;2031;8.28610404878851E-11 
emissions_nel_WITCH;JPN;2032;8.08867312310423E-11 
emissions_nel_WITCH;JPN;2033;7.89594633463414E-11 
emissions_nel_WITCH;JPN;2034;7.70781159907912E-11 
emissions_nel_WITCH;JPN;2035;7.52415950274457E-11 
emissions_nel_WITCH;JPN;2036;7.42055613452966E-11 
emissions_nel_WITCH;JPN;2037;7.31837932537449E-11 
emissions_nel_WITCH;JPN;2038;7.21760943237759E-11 
emissions_nel_WITCH;JPN;2039;7.11822708310905E-11 
emissions_nel_WITCH;JPN;2040;7.02021317188619E-11 
emissions_nel_WITCH;JPN;2041;6.98150946681989E-11 
emissions_nel_WITCH;JPN;2042;6.94301914228053E-11 
emissions_nel_WITCH;JPN;2043;6.90474102186267E-11 
emissions_nel_WITCH;JPN;2044;6.86667393564661E-11 
emissions_nel_WITCH;JPN;2045;6.82881672016261E-11 
emissions_nel_WITCH;JPN;2046;6.80167747763003E-11 
emissions_nel_WITCH;JPN;2047;6.77464609250752E-11 
emissions_nel_WITCH;JPN;2048;6.74772213614565E-11 
emissions_nel_WITCH;JPN;2049;6.72090518159852E-11 
emissions_nel_WITCH;JPN;2050;6.69419480361703E-11 
emissions_nel_WITCH;JPN;2051;6.66286144357248E-11 
emissions_nel_WITCH;JPN;2052;6.63167474484875E-11 
emissions_nel_WITCH;JPN;2053;6.60063402097164E-11 
emissions_nel_WITCH;JPN;2054;6.56973858868012E-11 
emissions_nel_WITCH;JPN;2055;6.53898776791128E-11 
emissions_nel_WITCH;JPN;2056;6.51235261246177E-11 
emissions_nel_WITCH;JPN;2057;6.48582594956967E-11 
emissions_nel_WITCH;JPN;2058;6.45940733731397E-11 
emissions_nel_WITCH;JPN;2059;6.43309633557371E-11 
emissions_nel_WITCH;JPN;2060;6.40689250602068E-11 
emissions_nel_WITCH;JPN;2061;6.40689250602068E-11  
emissions_nel_WITCH;JPN;2062;6.40689250602068E-11  
emissions_nel_WITCH;JPN;2063;6.40689250602068E-11  
emissions_nel_WITCH;JPN;2064;6.40689250602068E-11  
emissions_nel_WITCH;JPN;2065;6.40689250602068E-11  
emissions_nel_WITCH;JPN;2066;6.40689250602068E-11  
emissions_nel_WITCH;JPN;2067;6.40689250602068E-11  
emissions_nel_WITCH;JPN;2068;6.40689250602068E-11  
emissions_nel_WITCH;JPN;2069;6.40689250602068E-11  
emissions_nel_WITCH;JPN;2070;6.40689250602068E-11  
emissions_nel_WITCH;JPN;2071;6.40689250602068E-11  
emissions_nel_WITCH;JPN;2072;6.40689250602068E-11  
emissions_nel_WITCH;JPN;2073;6.40689250602068E-11  
emissions_nel_WITCH;JPN;2074;6.40689250602068E-11  
emissions_nel_WITCH;JPN;2075;6.40689250602068E-11  
emissions_nel_WITCH;JPN;2076;6.40689250602068E-11  
emissions_nel_WITCH;JPN;2077;6.40689250602068E-11  
emissions_nel_WITCH;JPN;2078;6.40689250602068E-11  
emissions_nel_WITCH;JPN;2079;6.40689250602068E-11  
emissions_nel_WITCH;JPN;2080;6.40689250602068E-11  
emissions_nel_WITCH;JPN;2081;6.40689250602068E-11  
emissions_nel_WITCH;JPN;2082;6.40689250602068E-11  
emissions_nel_WITCH;JPN;2083;6.40689250602068E-11  
emissions_nel_WITCH;JPN;2084;6.40689250602068E-11  
emissions_nel_WITCH;JPN;2085;6.40689250602068E-11  
emissions_nel_WITCH;JPN;2086;6.40689250602068E-11  
emissions_nel_WITCH;JPN;2087;6.40689250602068E-11  
emissions_nel_WITCH;JPN;2088;6.40689250602068E-11  
emissions_nel_WITCH;JPN;2089;6.40689250602068E-11  
emissions_nel_WITCH;JPN;2090;6.40689250602068E-11  
emissions_nel_WITCH;JPN;2091;6.40689250602068E-11  
emissions_nel_WITCH;JPN;2092;6.40689250602068E-11  
emissions_nel_WITCH;JPN;2093;6.40689250602068E-11  
emissions_nel_WITCH;JPN;2094;6.40689250602068E-11  
emissions_nel_WITCH;JPN;2095;6.40689250602068E-11  
emissions_nel_WITCH;JPN;2096;6.40689250602068E-11  
emissions_nel_WITCH;JPN;2097;6.40689250602068E-11  
emissions_nel_WITCH;JPN;2098;6.40689250602068E-11  
emissions_nel_WITCH;JPN;2099;6.40689250602068E-11  
emissions_nel_WITCH;JPN;2100;6.40689250602068E-11  
